symbol,timestamp,open,high,low,close,spread
GBPUSD,1605657600,1.32602,1.32602,1.32545,1.32576,51
GBPUSD,1605657660,1.32583,1.32588,1.32569,1.32583,33
GBPUSD,1605657720,1.32585,1.32592,1.32578,1.32587,48
GBPUSD,1605657780,1.32585,1.32587,1.32574,1.32577,54
GBPUSD,1605657840,1.32577,1.32586,1.32577,1.32585,53
GBPUSD,1605657900,1.32585,1.3259,1.32573,1.32573,43
GBPUSD,1605657960,1.32573,1.32579,1.3256999999999999,1.32579,46
GBPUSD,1605658020,1.32573,1.32576,1.32571,1.32573,42
GBPUSD,1605658080,1.32571,1.32574,1.32548,1.32565,45
GBPUSD,1605658140,1.32565,1.32566,1.32564,1.32566,46
GBPUSD,1605658200,1.32566,1.32566,1.32557,1.32557,36
GBPUSD,1605658260,1.32557,1.32558,1.32557,1.32558,43
GBPUSD,1605658320,1.32558,1.32558,1.3255,1.32556,36
GBPUSD,1605658380,1.32554,1.32555,1.32544,1.32548,36
GBPUSD,1605658440,1.32548,1.32559,1.32548,1.32559,39
GBPUSD,1605658500,1.32561,1.32575,1.32561,1.32572,26
GBPUSD,1605658560,1.32574,1.32574,1.32566,1.32569,35
GBPUSD,1605658620,1.32569,1.32569,1.32557,1.32557,37
GBPUSD,1605658680,1.32558,1.3256299999999999,1.32556,1.3256000000000001,37
GBPUSD,1605658740,1.3256000000000001,1.32564,1.32555,1.3256000000000001,31
GBPUSD,1605658800,1.3256000000000001,1.3256299999999999,1.32528,1.32532,22
GBPUSD,1605658860,1.3253300000000001,1.3253599999999999,1.32522,1.32524,30
GBPUSD,1605658920,1.32524,1.32535,1.32523,1.32529,32
GBPUSD,1605658980,1.32529,1.3253300000000001,1.32527,1.32527,33
GBPUSD,1605659040,1.32527,1.3253300000000001,1.32527,1.32532,31
GBPUSD,1605659100,1.32532,1.32535,1.32527,1.32532,30
GBPUSD,1605659160,1.32532,1.32535,1.32528,1.32528,30
GBPUSD,1605659220,1.32529,1.3253599999999999,1.32522,1.32531,30
GBPUSD,1605659280,1.32531,1.32535,1.32527,1.32529,29
GBPUSD,1605659340,1.32528,1.32547,1.32528,1.32546,25
GBPUSD,1605659400,1.32545,1.32549,1.32542,1.32544,29
GBPUSD,1605659460,1.32544,1.32545,1.32541,1.32544,27
GBPUSD,1605659520,1.32544,1.32554,1.32541,1.32553,27
GBPUSD,1605659580,1.32553,1.3256299999999999,1.32551,1.3256299999999999,28
GBPUSD,1605659640,1.32562,1.32564,1.3256000000000001,1.3256000000000001,27
GBPUSD,1605659700,1.32559,1.3256299999999999,1.32558,1.3256299999999999,30
GBPUSD,1605659760,1.3256299999999999,1.3256299999999999,1.32547,1.32553,28
GBPUSD,1605659820,1.32553,1.3256000000000001,1.32552,1.32558,31
GBPUSD,1605659880,1.32558,1.32558,1.32547,1.32547,26
GBPUSD,1605659940,1.32547,1.32555,1.32546,1.32554,29
GBPUSD,1605660000,1.32554,1.32554,1.32544,1.32545,26
GBPUSD,1605660060,1.32545,1.32559,1.32537,1.32559,23
GBPUSD,1605660120,1.32558,1.3258,1.32558,1.3258,30
GBPUSD,1605660180,1.32579,1.32595,1.32577,1.32595,29
GBPUSD,1605660240,1.32595,1.32595,1.32587,1.3259,29
GBPUSD,1605660300,1.3259,1.3259400000000001,1.32588,1.3259400000000001,29
GBPUSD,1605660360,1.3259400000000001,1.3259400000000001,1.32577,1.32584,26
GBPUSD,1605660420,1.32585,1.32596,1.32583,1.32584,29
GBPUSD,1605660480,1.32582,1.32585,1.32581,1.32584,30
GBPUSD,1605660540,1.32583,1.32584,1.32582,1.32584,31
GBPUSD,1605660600,1.32585,1.32586,1.3256999999999999,1.32572,28
GBPUSD,1605660660,1.32572,1.32572,1.32561,1.32561,26
GBPUSD,1605660720,1.32561,1.32562,1.3255,1.32555,30
GBPUSD,1605660780,1.32554,1.3259,1.32554,1.32562,23
GBPUSD,1605660840,1.32562,1.32564,1.32559,1.32559,28
GBPUSD,1605660900,1.32559,1.32572,1.32558,1.3256299999999999,27
GBPUSD,1605660960,1.3256299999999999,1.32566,1.32555,1.32555,24
GBPUSD,1605661020,1.32555,1.32555,1.32551,1.32551,28
GBPUSD,1605661080,1.32551,1.32553,1.32547,1.32551,29
GBPUSD,1605661140,1.32551,1.32555,1.3255,1.32551,30
GBPUSD,1605661200,1.32551,1.32576,1.32549,1.32572,23
GBPUSD,1605661260,1.32572,1.32579,1.3256000000000001,1.32579,26
GBPUSD,1605661320,1.3258,1.3259,1.3256999999999999,1.32571,27
GBPUSD,1605661380,1.32571,1.32583,1.32569,1.32581,26
GBPUSD,1605661440,1.32581,1.32599,1.32578,1.32595,26
GBPUSD,1605661500,1.32595,1.32595,1.32577,1.32583,25
GBPUSD,1605661560,1.32583,1.32583,1.3256299999999999,1.32569,27
GBPUSD,1605661620,1.32569,1.32572,1.32565,1.32572,25
GBPUSD,1605661680,1.32572,1.32582,1.32561,1.32562,23
GBPUSD,1605661740,1.32562,1.3256299999999999,1.32545,1.3256000000000001,25
GBPUSD,1605661800,1.32561,1.32561,1.3254000000000001,1.32546,24
GBPUSD,1605661860,1.32545,1.3256000000000001,1.32545,1.32555,26
GBPUSD,1605661920,1.32556,1.32572,1.32556,1.32566,26
GBPUSD,1605661980,1.32566,1.32566,1.3255,1.32556,27
GBPUSD,1605662040,1.32556,1.32561,1.32537,1.32539,26
GBPUSD,1605662100,1.32539,1.32542,1.32532,1.32538,25
GBPUSD,1605662160,1.32538,1.32542,1.32527,1.32542,24
GBPUSD,1605662220,1.32542,1.32549,1.32529,1.32529,24
GBPUSD,1605662280,1.32529,1.32537,1.32523,1.32534,25
GBPUSD,1605662340,1.32534,1.32537,1.32528,1.3253,26
GBPUSD,1605662400,1.3253,1.3253300000000001,1.32523,1.3253,26
GBPUSD,1605662460,1.3253,1.3254299999999999,1.32527,1.32542,26
GBPUSD,1605662520,1.32542,1.32542,1.32531,1.32532,24
GBPUSD,1605662580,1.32532,1.32552,1.32529,1.32546,26
GBPUSD,1605662640,1.32545,1.32548,1.32539,1.32545,27
GBPUSD,1605662700,1.32546,1.32548,1.32538,1.3254000000000001,27
GBPUSD,1605662760,1.32539,1.32539,1.32501,1.32508,24
GBPUSD,1605662820,1.32508,1.3251,1.325,1.32505,27
GBPUSD,1605662880,1.32505,1.32512,1.32504,1.32511,28
GBPUSD,1605662940,1.32512,1.32518,1.3250899999999999,1.32515,27
GBPUSD,1605663000,1.32515,1.32515,1.32501,1.32511,24
GBPUSD,1605663060,1.32513,1.32518,1.32505,1.32518,23
GBPUSD,1605663120,1.32518,1.32523,1.32513,1.32521,25
GBPUSD,1605663180,1.32521,1.32529,1.32517,1.32521,26
GBPUSD,1605663240,1.3252,1.32532,1.32514,1.32532,25
GBPUSD,1605663300,1.3253,1.32539,1.32525,1.3253,26
GBPUSD,1605663360,1.3253,1.32531,1.32515,1.3252,26
GBPUSD,1605663420,1.3252,1.32522,1.3250899999999999,1.32511,24
GBPUSD,1605663480,1.3251,1.3252,1.3250899999999999,1.32517,24
GBPUSD,1605663540,1.32517,1.32517,1.3250899999999999,1.32516,24
GBPUSD,1605663600,1.32517,1.32521,1.3250600000000001,1.32516,24
GBPUSD,1605663660,1.32516,1.32517,1.32507,1.32508,22
GBPUSD,1605663720,1.32508,1.32512,1.3250199999999999,1.32512,23
GBPUSD,1605663780,1.32512,1.32513,1.32487,1.3249,23
GBPUSD,1605663840,1.32492,1.32493,1.32467,1.32488,25
GBPUSD,1605663900,1.32488,1.32507,1.3248199999999999,1.32496,22
GBPUSD,1605663960,1.32496,1.3250199999999999,1.32494,1.32497,26
GBPUSD,1605664020,1.32497,1.32497,1.32471,1.3247900000000001,23
GBPUSD,1605664080,1.3247900000000001,1.32481,1.32462,1.32462,25
GBPUSD,1605664140,1.32465,1.32465,1.32449,1.32457,26
GBPUSD,1605664200,1.32458,1.32466,1.32455,1.3246,24
GBPUSD,1605664260,1.3246,1.32478,1.3246,1.3247200000000001,26
GBPUSD,1605664320,1.3247200000000001,1.32488,1.32469,1.32473,25
GBPUSD,1605664380,1.32473,1.3248199999999999,1.32473,1.32477,24
GBPUSD,1605664440,1.32476,1.3247900000000001,1.3247,1.32477,23
GBPUSD,1605664500,1.32476,1.3248199999999999,1.32468,1.32471,23
GBPUSD,1605664560,1.3247,1.3247499999999999,1.3246,1.32469,25
GBPUSD,1605664620,1.32469,1.32474,1.32464,1.32468,27
GBPUSD,1605664680,1.32468,1.32485,1.32467,1.32477,26
GBPUSD,1605664740,1.32477,1.32481,1.32471,1.32476,22
GBPUSD,1605664800,1.32476,1.3247900000000001,1.32462,1.3247200000000001,22
GBPUSD,1605664860,1.3247200000000001,1.32474,1.32467,1.32467,23
GBPUSD,1605664920,1.32467,1.3247,1.32463,1.32467,26
GBPUSD,1605664980,1.32467,1.32467,1.3245,1.32462,23
GBPUSD,1605665040,1.32461,1.32462,1.32449,1.32459,24
GBPUSD,1605665100,1.32459,1.3247,1.32454,1.32465,22
GBPUSD,1605665160,1.32467,1.32469,1.32459,1.32461,22
GBPUSD,1605665220,1.32461,1.3247,1.32454,1.32455,22
GBPUSD,1605665280,1.32452,1.32454,1.3243800000000001,1.3243800000000001,23
GBPUSD,1605665340,1.3243800000000001,1.32443,1.32429,1.32435,23
GBPUSD,1605665400,1.32435,1.3245,1.3243,1.3245,25
GBPUSD,1605665460,1.3245,1.32458,1.32446,1.32456,24
GBPUSD,1605665520,1.32457,1.32457,1.32449,1.32454,28
GBPUSD,1605665580,1.32454,1.32455,1.32444,1.3244500000000001,26
GBPUSD,1605665640,1.32446,1.32466,1.32446,1.32455,23
GBPUSD,1605665700,1.32456,1.32504,1.32455,1.32488,24
GBPUSD,1605665760,1.32489,1.32498,1.32488,1.32491,27
GBPUSD,1605665820,1.32491,1.32497,1.32474,1.3247900000000001,24
GBPUSD,1605665880,1.3247900000000001,1.32487,1.3247200000000001,1.32486,28
GBPUSD,1605665940,1.32486,1.32493,1.32484,1.32485,27
GBPUSD,1605666000,1.32485,1.32497,1.32478,1.32491,24
GBPUSD,1605666060,1.32495,1.32517,1.32489,1.32511,23
GBPUSD,1605666120,1.32511,1.32511,1.32471,1.32489,25
GBPUSD,1605666180,1.3249,1.32497,1.3247,1.3248199999999999,24
GBPUSD,1605666240,1.3248199999999999,1.32497,1.32477,1.32485,27
GBPUSD,1605666300,1.32484,1.32488,1.32477,1.32483,27
GBPUSD,1605666360,1.32484,1.32498,1.3248199999999999,1.32491,27
GBPUSD,1605666420,1.32491,1.32511,1.3249,1.3249,24
GBPUSD,1605666480,1.32491,1.32514,1.3249,1.3250899999999999,24
GBPUSD,1605666540,1.3250899999999999,1.32518,1.32505,1.3251,25
GBPUSD,1605666600,1.32512,1.32512,1.32497,1.32498,25
GBPUSD,1605666660,1.32498,1.3250199999999999,1.32493,1.32493,26
GBPUSD,1605666720,1.32493,1.3250199999999999,1.3249,1.3249,27
GBPUSD,1605666780,1.3249,1.32493,1.32476,1.32486,26
GBPUSD,1605666840,1.32486,1.32488,1.32478,1.32486,27
GBPUSD,1605666900,1.32486,1.32489,1.32477,1.32481,26
GBPUSD,1605666960,1.32481,1.32486,1.32453,1.32455,25
GBPUSD,1605667020,1.32457,1.32458,1.32449,1.32449,27
GBPUSD,1605667080,1.3244799999999999,1.32463,1.3244799999999999,1.32455,24
GBPUSD,1605667140,1.32455,1.32467,1.32449,1.32449,24
GBPUSD,1605667200,1.3244799999999999,1.3246,1.32443,1.3245,25
GBPUSD,1605667260,1.3245,1.3246,1.3245,1.3245,27
GBPUSD,1605667320,1.3245,1.32456,1.32444,1.3244500000000001,26
GBPUSD,1605667380,1.32444,1.3245,1.32432,1.32437,25
GBPUSD,1605667440,1.32437,1.32437,1.32428,1.32429,26
GBPUSD,1605667500,1.32429,1.32456,1.32428,1.32443,23
GBPUSD,1605667560,1.32442,1.32446,1.32434,1.3244,26
GBPUSD,1605667620,1.3244,1.32451,1.32429,1.32429,25
GBPUSD,1605667680,1.32432,1.32443,1.32423,1.3244,26
GBPUSD,1605667740,1.3244,1.32447,1.3243800000000001,1.32444,28
GBPUSD,1605667800,1.32444,1.32467,1.32444,1.32454,23
GBPUSD,1605667860,1.32454,1.32457,1.32449,1.32454,24
GBPUSD,1605667920,1.32453,1.32462,1.32452,1.32458,24
GBPUSD,1605667980,1.32459,1.32468,1.3244500000000001,1.32451,25
GBPUSD,1605668040,1.32451,1.32453,1.3244799999999999,1.32449,27
GBPUSD,1605668100,1.32449,1.32461,1.3244500000000001,1.32461,28
GBPUSD,1605668160,1.32461,1.32461,1.32455,1.32459,27
GBPUSD,1605668220,1.32459,1.32463,1.32451,1.32455,26
GBPUSD,1605668280,1.32455,1.32462,1.32454,1.32454,25
GBPUSD,1605668340,1.32454,1.32463,1.32451,1.32459,27
GBPUSD,1605668400,1.3246,1.32481,1.32451,1.3247900000000001,22
GBPUSD,1605668460,1.32478,1.32493,1.3247499999999999,1.32489,25
GBPUSD,1605668520,1.32489,1.3250199999999999,1.3248,1.3249900000000001,25
GBPUSD,1605668580,1.3249900000000001,1.32507,1.32496,1.32505,26
GBPUSD,1605668640,1.32505,1.3251,1.32495,1.32507,22
GBPUSD,1605668700,1.32507,1.32508,1.32503,1.32503,24
GBPUSD,1605668760,1.3250199999999999,1.32505,1.32494,1.32496,27
GBPUSD,1605668820,1.32496,1.3250199999999999,1.32492,1.32493,27
GBPUSD,1605668880,1.32493,1.32493,1.3248199999999999,1.3249,25
GBPUSD,1605668940,1.32491,1.32501,1.32488,1.32496,25
GBPUSD,1605669000,1.32497,1.32503,1.32496,1.32497,27
GBPUSD,1605669060,1.32497,1.325,1.32489,1.32495,26
GBPUSD,1605669120,1.32495,1.3251,1.32493,1.3250199999999999,25
GBPUSD,1605669180,1.3250199999999999,1.3250199999999999,1.3248199999999999,1.3248199999999999,24
GBPUSD,1605669240,1.32483,1.3250600000000001,1.3248199999999999,1.32504,25
GBPUSD,1605669300,1.32503,1.32517,1.32495,1.32517,24
GBPUSD,1605669360,1.32517,1.32517,1.32513,1.32513,27
GBPUSD,1605669420,1.32513,1.32513,1.3249,1.3251,25
GBPUSD,1605669480,1.3251,1.32535,1.3251,1.32521,22
GBPUSD,1605669540,1.32521,1.32521,1.32505,1.32507,24
GBPUSD,1605669600,1.32507,1.32512,1.32492,1.32494,25
GBPUSD,1605669660,1.32495,1.32508,1.32492,1.32493,23
GBPUSD,1605669720,1.32493,1.32497,1.32484,1.32485,26
GBPUSD,1605669780,1.32485,1.32503,1.32485,1.32503,24
GBPUSD,1605669840,1.3250199999999999,1.3250199999999999,1.32491,1.32492,28
GBPUSD,1605669900,1.32493,1.32493,1.32488,1.32488,28
GBPUSD,1605669960,1.32488,1.32498,1.32488,1.32497,28
GBPUSD,1605670020,1.32497,1.32497,1.32487,1.32488,28
GBPUSD,1605670080,1.32489,1.32501,1.32484,1.32496,23
GBPUSD,1605670140,1.32496,1.32497,1.32492,1.32496,26
GBPUSD,1605670200,1.32496,1.32515,1.32492,1.32515,23
GBPUSD,1605670260,1.32515,1.32525,1.32507,1.32508,24
GBPUSD,1605670320,1.3250899999999999,1.32522,1.3250899999999999,1.32522,26
GBPUSD,1605670380,1.32521,1.32521,1.32512,1.32518,23
GBPUSD,1605670440,1.32518,1.32526,1.32514,1.32521,26
GBPUSD,1605670500,1.3252,1.32521,1.32512,1.32517,26
GBPUSD,1605670560,1.32516,1.32535,1.32512,1.3253,22
GBPUSD,1605670620,1.3253,1.32537,1.32527,1.32534,26
GBPUSD,1605670680,1.32534,1.32534,1.3252,1.32521,25
GBPUSD,1605670740,1.32521,1.32521,1.32501,1.32511,26
GBPUSD,1605670800,1.32512,1.32525,1.32512,1.32518,24
GBPUSD,1605670860,1.32518,1.3252,1.32515,1.32517,27
GBPUSD,1605670920,1.32517,1.32521,1.3251,1.32515,26
GBPUSD,1605670980,1.32515,1.32516,1.3250199999999999,1.3250600000000001,25
GBPUSD,1605671040,1.3250600000000001,1.32512,1.32504,1.3250600000000001,27
GBPUSD,1605671100,1.3250600000000001,1.32507,1.32501,1.32505,28
GBPUSD,1605671160,1.32505,1.32507,1.32504,1.32505,29
GBPUSD,1605671220,1.3250600000000001,1.3250899999999999,1.32498,1.32503,26
GBPUSD,1605671280,1.32504,1.3251,1.32498,1.32498,29
GBPUSD,1605671340,1.32498,1.32507,1.32498,1.32505,27
GBPUSD,1605671400,1.32505,1.32505,1.325,1.32501,29
GBPUSD,1605671460,1.32501,1.3250600000000001,1.325,1.32501,27
GBPUSD,1605671520,1.325,1.32507,1.32498,1.32507,27
GBPUSD,1605671580,1.3250600000000001,1.32507,1.3250199999999999,1.32503,29
GBPUSD,1605671640,1.32503,1.32505,1.3250199999999999,1.32503,28
GBPUSD,1605671700,1.32503,1.32503,1.3250199999999999,1.3250199999999999,29
GBPUSD,1605671760,1.3250199999999999,1.32513,1.3250199999999999,1.32513,29
GBPUSD,1605671820,1.32513,1.32513,1.3251,1.32512,28
GBPUSD,1605671880,1.32512,1.32529,1.32505,1.32505,25
GBPUSD,1605671940,1.32505,1.32513,1.32494,1.32496,24
GBPUSD,1605672000,1.32496,1.32496,1.3249,1.32495,26
GBPUSD,1605672060,1.32495,1.32495,1.32481,1.32481,24
GBPUSD,1605672120,1.32481,1.32481,1.32465,1.32481,22
GBPUSD,1605672180,1.32481,1.32492,1.32481,1.32483,27
GBPUSD,1605672240,1.32484,1.32496,1.32483,1.3249,26
GBPUSD,1605672300,1.3249,1.3249,1.32486,1.32487,29
GBPUSD,1605672360,1.32486,1.3249,1.32471,1.32471,27
GBPUSD,1605672420,1.3247,1.32478,1.32465,1.32469,27
GBPUSD,1605672480,1.32469,1.32473,1.32469,1.3247200000000001,28
GBPUSD,1605672540,1.3247200000000001,1.3247200000000001,1.3246,1.32464,26
GBPUSD,1605672600,1.32464,1.3248199999999999,1.32461,1.3248199999999999,26
GBPUSD,1605672660,1.3248199999999999,1.325,1.3248199999999999,1.32496,22
GBPUSD,1605672720,1.32498,1.3250600000000001,1.32495,1.32501,25
GBPUSD,1605672780,1.325,1.32505,1.32494,1.32496,26
GBPUSD,1605672840,1.32495,1.32504,1.32492,1.32495,27
GBPUSD,1605672900,1.32495,1.32498,1.32492,1.32497,27
GBPUSD,1605672960,1.32497,1.32505,1.32491,1.32493,26
GBPUSD,1605673020,1.32494,1.32503,1.32486,1.32503,23
GBPUSD,1605673080,1.32504,1.32515,1.32501,1.3250199999999999,23
GBPUSD,1605673140,1.32501,1.32505,1.32497,1.325,26
GBPUSD,1605673200,1.32501,1.32505,1.3249900000000001,1.325,28
GBPUSD,1605673260,1.32501,1.32508,1.3249900000000001,1.32507,27
GBPUSD,1605673320,1.3250600000000001,1.32508,1.32501,1.32505,27
GBPUSD,1605673380,1.32505,1.3252,1.32505,1.32517,26
GBPUSD,1605673440,1.32517,1.32521,1.32511,1.32511,25
GBPUSD,1605673500,1.32511,1.32518,1.32508,1.32511,25
GBPUSD,1605673560,1.32511,1.32516,1.32504,1.32507,27
GBPUSD,1605673620,1.32507,1.32514,1.32504,1.32505,28
GBPUSD,1605673680,1.32505,1.32517,1.32504,1.32504,25
GBPUSD,1605673740,1.32504,1.32504,1.32495,1.32496,26
GBPUSD,1605673800,1.32497,1.32511,1.32494,1.3250199999999999,25
GBPUSD,1605673860,1.3250199999999999,1.32514,1.32501,1.32514,27
GBPUSD,1605673920,1.32514,1.3252,1.325,1.32505,27
GBPUSD,1605673980,1.32503,1.32513,1.3249900000000001,1.3251,25
GBPUSD,1605674040,1.3251,1.32517,1.32505,1.3250600000000001,25
GBPUSD,1605674100,1.32505,1.32507,1.32501,1.32503,25
GBPUSD,1605674160,1.32503,1.3251,1.32503,1.32508,27
GBPUSD,1605674220,1.32508,1.32513,1.3249900000000001,1.3250199999999999,26
GBPUSD,1605674280,1.32505,1.32515,1.32504,1.32504,26
GBPUSD,1605674340,1.32504,1.3251,1.32503,1.3250600000000001,28
GBPUSD,1605674400,1.3250600000000001,1.32521,1.3250600000000001,1.32512,28
GBPUSD,1605674460,1.32512,1.3252,1.32511,1.32516,27
GBPUSD,1605674520,1.32515,1.32531,1.32515,1.32531,27
GBPUSD,1605674580,1.32531,1.32534,1.3252,1.3252,27
GBPUSD,1605674640,1.3252,1.32526,1.3252,1.32524,28
GBPUSD,1605674700,1.32523,1.32531,1.3252,1.32521,26
GBPUSD,1605674760,1.32521,1.32531,1.32521,1.32523,27
GBPUSD,1605674820,1.32523,1.32529,1.32518,1.32522,26
GBPUSD,1605674880,1.32522,1.32523,1.32517,1.32519,28
GBPUSD,1605674940,1.32519,1.3252,1.32512,1.32512,26
GBPUSD,1605675000,1.32513,1.32517,1.32508,1.32514,25
GBPUSD,1605675060,1.32514,1.32516,1.32508,1.32508,27
GBPUSD,1605675120,1.32508,1.32515,1.32508,1.3251,25
GBPUSD,1605675180,1.32511,1.32523,1.3251,1.32522,26
GBPUSD,1605675240,1.32521,1.32531,1.32521,1.3253,26
GBPUSD,1605675300,1.3253,1.3253300000000001,1.32518,1.3252,27
GBPUSD,1605675360,1.32519,1.32527,1.32515,1.32526,24
GBPUSD,1605675420,1.32526,1.32534,1.32524,1.32526,24
GBPUSD,1605675480,1.32526,1.32527,1.32519,1.32525,23
GBPUSD,1605675540,1.32525,1.32531,1.32522,1.3253,24
GBPUSD,1605675600,1.3253,1.3253,1.32514,1.32522,25
GBPUSD,1605675660,1.32521,1.32522,1.32519,1.32519,27
GBPUSD,1605675720,1.32519,1.32523,1.32519,1.3252,27
GBPUSD,1605675780,1.3252,1.32522,1.32519,1.32521,28
GBPUSD,1605675840,1.32521,1.32527,1.32512,1.32513,25
GBPUSD,1605675900,1.32513,1.32525,1.32512,1.32522,24
GBPUSD,1605675960,1.32522,1.32531,1.32514,1.32517,22
GBPUSD,1605676020,1.32517,1.32522,1.32511,1.3252,25
GBPUSD,1605676080,1.3252,1.32525,1.32519,1.32524,26
GBPUSD,1605676140,1.32524,1.32548,1.32521,1.3254000000000001,23
GBPUSD,1605676200,1.3254000000000001,1.32547,1.32538,1.32547,27
GBPUSD,1605676260,1.32548,1.32548,1.3254000000000001,1.3254000000000001,27
GBPUSD,1605676320,1.3254000000000001,1.32548,1.3254000000000001,1.32545,26
GBPUSD,1605676380,1.32547,1.32547,1.32539,1.32544,26
GBPUSD,1605676440,1.32544,1.32553,1.32539,1.32552,26
GBPUSD,1605676500,1.32552,1.32561,1.3255,1.32555,26
GBPUSD,1605676560,1.32555,1.32564,1.32555,1.32562,27
GBPUSD,1605676620,1.32561,1.32562,1.3255,1.3256000000000001,26
GBPUSD,1605676680,1.32561,1.32562,1.3255,1.32555,25
GBPUSD,1605676740,1.32555,1.32557,1.3255,1.32555,25
GBPUSD,1605676800,1.32555,1.32555,1.32549,1.32553,27
GBPUSD,1605676860,1.32553,1.32559,1.32551,1.32559,24
GBPUSD,1605676920,1.32559,1.32565,1.32551,1.3256299999999999,24
GBPUSD,1605676980,1.3256299999999999,1.3256299999999999,1.32552,1.32559,27
GBPUSD,1605677040,1.32559,1.32566,1.32558,1.32562,24
GBPUSD,1605677100,1.32562,1.32577,1.32555,1.32577,22
GBPUSD,1605677160,1.32577,1.32578,1.32574,1.32574,25
GBPUSD,1605677220,1.32574,1.32578,1.32573,1.32578,27
GBPUSD,1605677280,1.32578,1.32586,1.32576,1.32584,24
GBPUSD,1605677340,1.32583,1.32584,1.32552,1.32571,23
GBPUSD,1605677400,1.32571,1.32572,1.32561,1.32566,27
GBPUSD,1605677460,1.32566,1.32568,1.32561,1.3256299999999999,27
GBPUSD,1605677520,1.3256299999999999,1.32573,1.3256299999999999,1.32568,27
GBPUSD,1605677580,1.32568,1.32576,1.32568,1.32572,24
GBPUSD,1605677640,1.32572,1.32574,1.3256299999999999,1.32566,27
GBPUSD,1605677700,1.3256299999999999,1.32569,1.3256000000000001,1.32562,26
GBPUSD,1605677760,1.32562,1.32565,1.3256000000000001,1.32564,24
GBPUSD,1605677820,1.32564,1.32565,1.3256000000000001,1.32565,26
GBPUSD,1605677880,1.32565,1.32574,1.3256000000000001,1.32574,27
GBPUSD,1605677940,1.32574,1.32574,1.32568,1.32568,25
GBPUSD,1605678000,1.3256700000000001,1.32578,1.3256700000000001,1.32577,25
GBPUSD,1605678060,1.32577,1.3259400000000001,1.32577,1.3259400000000001,24
GBPUSD,1605678120,1.3259400000000001,1.32599,1.32585,1.3259400000000001,24
GBPUSD,1605678180,1.32593,1.3259699999999999,1.32589,1.32596,27
GBPUSD,1605678240,1.3259699999999999,1.326,1.32592,1.32593,25
GBPUSD,1605678300,1.32593,1.3259699999999999,1.32589,1.32592,24
GBPUSD,1605678360,1.32592,1.3259699999999999,1.32587,1.3259,25
GBPUSD,1605678420,1.3259,1.3260100000000001,1.32589,1.326,28
GBPUSD,1605678480,1.326,1.3260100000000001,1.32588,1.3260100000000001,25
GBPUSD,1605678540,1.3260100000000001,1.32609,1.32599,1.32602,25
GBPUSD,1605678600,1.32602,1.32607,1.32598,1.326,24
GBPUSD,1605678660,1.326,1.3260399999999999,1.3259400000000001,1.32599,26
GBPUSD,1605678720,1.32599,1.32609,1.32599,1.32605,26
GBPUSD,1605678780,1.32602,1.32606,1.32595,1.3259699999999999,27
GBPUSD,1605678840,1.3259699999999999,1.32603,1.32591,1.32603,27
GBPUSD,1605678900,1.32603,1.32606,1.32588,1.3259,27
GBPUSD,1605678960,1.32592,1.32602,1.32592,1.32599,26
GBPUSD,1605679020,1.326,1.3260100000000001,1.32593,1.32593,26
GBPUSD,1605679080,1.32593,1.32595,1.32586,1.32591,27
GBPUSD,1605679140,1.3259,1.32599,1.32587,1.32598,26
GBPUSD,1605679200,1.32598,1.3260100000000001,1.32591,1.3259699999999999,25
GBPUSD,1605679260,1.3259699999999999,1.3259699999999999,1.32581,1.32581,26
GBPUSD,1605679320,1.32581,1.32588,1.32581,1.32586,27
GBPUSD,1605679380,1.32587,1.32592,1.3256999999999999,1.3256999999999999,26
GBPUSD,1605679440,1.3256999999999999,1.32579,1.3256999999999999,1.32578,24
GBPUSD,1605679500,1.32578,1.32579,1.32569,1.32578,25
GBPUSD,1605679560,1.32578,1.32583,1.32576,1.32582,26
GBPUSD,1605679620,1.32581,1.3259400000000001,1.32581,1.32589,26
GBPUSD,1605679680,1.32589,1.32598,1.32588,1.32592,24
GBPUSD,1605679740,1.3259400000000001,1.3260100000000001,1.32588,1.3259,27
GBPUSD,1605679800,1.32588,1.32599,1.32583,1.32593,26
GBPUSD,1605679860,1.32593,1.32606,1.32593,1.32605,26
GBPUSD,1605679920,1.3260399999999999,1.32614,1.3260100000000001,1.32613,26
GBPUSD,1605679980,1.32613,1.32637,1.32613,1.32634,25
GBPUSD,1605680040,1.32634,1.32651,1.3263099999999999,1.32645,25
GBPUSD,1605680100,1.32645,1.32653,1.32638,1.32642,26
GBPUSD,1605680160,1.32642,1.32663,1.32636,1.32659,24
GBPUSD,1605680220,1.3266,1.3266200000000001,1.32651,1.32654,26
GBPUSD,1605680280,1.3265500000000001,1.32659,1.32652,1.32659,27
GBPUSD,1605680340,1.32659,1.32663,1.32652,1.32661,25
GBPUSD,1605680400,1.32661,1.32663,1.32651,1.32652,24
GBPUSD,1605680460,1.32652,1.3266200000000001,1.32642,1.32647,26
GBPUSD,1605680520,1.32647,1.32647,1.32632,1.32633,26
GBPUSD,1605680580,1.32633,1.32633,1.32625,1.3262800000000001,25
GBPUSD,1605680640,1.32626,1.32636,1.32606,1.32606,24
GBPUSD,1605680700,1.32605,1.32614,1.3260100000000001,1.32613,24
GBPUSD,1605680760,1.32613,1.32619,1.3260399999999999,1.32612,24
GBPUSD,1605680820,1.32611,1.3263,1.3261,1.32622,24
GBPUSD,1605680880,1.32622,1.3262399999999999,1.32613,1.3262399999999999,24
GBPUSD,1605680940,1.3262399999999999,1.3262399999999999,1.32615,1.32619,23
GBPUSD,1605681000,1.32615,1.3262399999999999,1.3261,1.3261,23
GBPUSD,1605681060,1.3261,1.3262399999999999,1.3261,1.32613,22
GBPUSD,1605681120,1.32614,1.32617,1.32612,1.32615,22
GBPUSD,1605681180,1.32615,1.32635,1.32613,1.32632,22
GBPUSD,1605681240,1.32633,1.32635,1.32625,1.32632,28
GBPUSD,1605681300,1.32632,1.32646,1.32632,1.32645,25
GBPUSD,1605681360,1.32645,1.3265,1.3264,1.32642,25
GBPUSD,1605681420,1.32643,1.3265500000000001,1.32642,1.32653,26
GBPUSD,1605681480,1.32654,1.32654,1.32638,1.32641,27
GBPUSD,1605681540,1.32641,1.32653,1.32638,1.32638,25
GBPUSD,1605681600,1.32638,1.32643,1.32636,1.32643,26
GBPUSD,1605681660,1.32643,1.32645,1.32637,1.32639,25
GBPUSD,1605681720,1.32639,1.32639,1.32619,1.32626,22
GBPUSD,1605681780,1.32626,1.32627,1.3261,1.32619,24
GBPUSD,1605681840,1.32619,1.32622,1.32616,1.32618,25
GBPUSD,1605681900,1.32617,1.32623,1.32612,1.32617,25
GBPUSD,1605681960,1.32618,1.32619,1.32612,1.32618,26
GBPUSD,1605682020,1.32617,1.32627,1.3261,1.32623,26
GBPUSD,1605682080,1.32623,1.32626,1.3261,1.32616,24
GBPUSD,1605682140,1.32616,1.3262,1.3261,1.32613,26
GBPUSD,1605682200,1.32613,1.32632,1.32609,1.3263,23
GBPUSD,1605682260,1.3263,1.3263099999999999,1.3262399999999999,1.32627,24
GBPUSD,1605682320,1.32627,1.32644,1.32625,1.3264,24
GBPUSD,1605682380,1.32641,1.32651,1.32639,1.3265,23
GBPUSD,1605682440,1.3265,1.32676,1.3265,1.32676,22
GBPUSD,1605682500,1.32676,1.32693,1.32676,1.32682,24
GBPUSD,1605682560,1.32682,1.32687,1.32663,1.3266499999999999,25
GBPUSD,1605682620,1.32664,1.32666,1.32646,1.32651,24
GBPUSD,1605682680,1.32652,1.3266200000000001,1.32636,1.3264,24
GBPUSD,1605682740,1.32639,1.3266200000000001,1.32638,1.32656,25
GBPUSD,1605682800,1.3265500000000001,1.32656,1.32638,1.32654,24
GBPUSD,1605682860,1.32652,1.32653,1.32641,1.32642,23
GBPUSD,1605682920,1.32643,1.3266,1.32638,1.3265500000000001,25
GBPUSD,1605682980,1.3265500000000001,1.3265500000000001,1.32633,1.32633,25
GBPUSD,1605683040,1.32633,1.32635,1.3262399999999999,1.32632,24
GBPUSD,1605683100,1.32632,1.32632,1.32621,1.32629,24
GBPUSD,1605683160,1.3262800000000001,1.32629,1.32618,1.32625,24
GBPUSD,1605683220,1.3262399999999999,1.32645,1.3262399999999999,1.32636,26
GBPUSD,1605683280,1.32636,1.32639,1.3262800000000001,1.32639,26
GBPUSD,1605683340,1.32639,1.32639,1.32635,1.32636,26
GBPUSD,1605683400,1.32636,1.32638,1.32622,1.3262399999999999,25
GBPUSD,1605683460,1.3262399999999999,1.32634,1.32622,1.3262800000000001,26
GBPUSD,1605683520,1.3262800000000001,1.3262800000000001,1.32621,1.3262800000000001,26
GBPUSD,1605683580,1.3262800000000001,1.32648,1.32625,1.32637,26
GBPUSD,1605683640,1.32637,1.32647,1.32633,1.32633,24
GBPUSD,1605683700,1.32633,1.32636,1.32626,1.32632,24
GBPUSD,1605683760,1.32632,1.32641,1.3263,1.32639,23
GBPUSD,1605683820,1.32638,1.32659,1.32632,1.3265799999999999,24
GBPUSD,1605683880,1.32659,1.32659,1.3264,1.32643,24
GBPUSD,1605683940,1.32643,1.32643,1.3263,1.32642,23
GBPUSD,1605684000,1.32642,1.32649,1.32634,1.32643,24
GBPUSD,1605684060,1.32643,1.32648,1.32639,1.3264,23
GBPUSD,1605684120,1.3264,1.32642,1.32625,1.32633,22
GBPUSD,1605684180,1.32634,1.32634,1.32626,1.32633,26
GBPUSD,1605684240,1.32634,1.32634,1.3262399999999999,1.3263,24
GBPUSD,1605684300,1.32629,1.3263099999999999,1.32623,1.3262399999999999,24
GBPUSD,1605684360,1.32625,1.32625,1.32613,1.32615,25
GBPUSD,1605684420,1.32614,1.32614,1.32575,1.32575,24
GBPUSD,1605684480,1.32576,1.32578,1.32571,1.32572,27
GBPUSD,1605684540,1.32574,1.32578,1.32568,1.32576,27
GBPUSD,1605684600,1.32576,1.3258,1.32565,1.32574,27
GBPUSD,1605684660,1.32574,1.3259400000000001,1.32574,1.32585,25
GBPUSD,1605684720,1.32585,1.32585,1.32573,1.32574,26
GBPUSD,1605684780,1.32574,1.32577,1.32569,1.32574,25
GBPUSD,1605684840,1.32574,1.3258,1.32571,1.32572,26
GBPUSD,1605684900,1.32572,1.32588,1.3256999999999999,1.32585,25
GBPUSD,1605684960,1.32585,1.32585,1.3256999999999999,1.3256999999999999,26
GBPUSD,1605685020,1.3256999999999999,1.32574,1.32564,1.32572,26
GBPUSD,1605685080,1.32572,1.32572,1.3256299999999999,1.32572,26
GBPUSD,1605685140,1.32571,1.32574,1.32562,1.32566,27
GBPUSD,1605685200,1.32566,1.32572,1.32562,1.3256299999999999,25
GBPUSD,1605685260,1.3256299999999999,1.32571,1.32562,1.32564,22
GBPUSD,1605685320,1.3256299999999999,1.32565,1.32552,1.32553,26
GBPUSD,1605685380,1.32553,1.32574,1.32552,1.32574,22
GBPUSD,1605685440,1.32574,1.32579,1.3256999999999999,1.32572,25
GBPUSD,1605685500,1.32573,1.32573,1.32555,1.32569,22
GBPUSD,1605685560,1.32569,1.32572,1.32552,1.32572,23
GBPUSD,1605685620,1.32572,1.32592,1.3256700000000001,1.32571,22
GBPUSD,1605685680,1.32572,1.32574,1.32561,1.32571,26
GBPUSD,1605685740,1.32571,1.32574,1.3256000000000001,1.32561,25
GBPUSD,1605685800,1.32562,1.32586,1.32561,1.32584,23
GBPUSD,1605685860,1.32584,1.3259,1.32583,1.32585,23
GBPUSD,1605685920,1.32586,1.32602,1.32575,1.3259,25
GBPUSD,1605685980,1.32588,1.32589,1.3256299999999999,1.32568,22
GBPUSD,1605686040,1.32568,1.3256999999999999,1.32561,1.32562,25
GBPUSD,1605686100,1.3256299999999999,1.32582,1.3256299999999999,1.32579,27
GBPUSD,1605686160,1.32579,1.32617,1.32575,1.32606,24
GBPUSD,1605686220,1.32606,1.32623,1.32606,1.32622,27
GBPUSD,1605686280,1.32621,1.32638,1.3262,1.3263,27
GBPUSD,1605686340,1.32629,1.3263,1.32592,1.3259699999999999,26
GBPUSD,1605686400,1.32613,1.32634,1.3260100000000001,1.32627,22
GBPUSD,1605686460,1.32626,1.32635,1.32617,1.32634,25
GBPUSD,1605686520,1.32632,1.32644,1.3263,1.32644,25
GBPUSD,1605686580,1.32644,1.32659,1.3264,1.32646,25
GBPUSD,1605686640,1.32646,1.32648,1.32629,1.32633,24
GBPUSD,1605686700,1.32633,1.32644,1.32626,1.32638,27
GBPUSD,1605686760,1.32638,1.3268,1.32638,1.32674,26
GBPUSD,1605686820,1.32673,1.32691,1.32673,1.3268499999999999,24
GBPUSD,1605686880,1.3268499999999999,1.3268499999999999,1.32653,1.32654,22
GBPUSD,1605686940,1.32653,1.32664,1.32645,1.3265799999999999,24
GBPUSD,1605687000,1.32659,1.32664,1.3265500000000001,1.3265799999999999,24
GBPUSD,1605687060,1.32657,1.32673,1.3265500000000001,1.32668,23
GBPUSD,1605687120,1.32669,1.32673,1.32643,1.32654,23
GBPUSD,1605687180,1.32652,1.32654,1.32634,1.32634,25
GBPUSD,1605687240,1.32634,1.32646,1.3262399999999999,1.32637,26
GBPUSD,1605687300,1.32637,1.32663,1.32632,1.32661,23
GBPUSD,1605687360,1.32661,1.32681,1.32653,1.32681,25
GBPUSD,1605687420,1.3268,1.32682,1.32657,1.32657,25
GBPUSD,1605687480,1.32657,1.32672,1.3265500000000001,1.32671,26
GBPUSD,1605687540,1.32671,1.32731,1.32671,1.32722,22
GBPUSD,1605687600,1.32722,1.3278400000000001,1.32715,1.3278400000000001,22
GBPUSD,1605687660,1.3278400000000001,1.32785,1.3274599999999999,1.3274599999999999,24
GBPUSD,1605687720,1.32747,1.3278400000000001,1.32745,1.32783,23
GBPUSD,1605687780,1.3278400000000001,1.32791,1.32772,1.32772,23
GBPUSD,1605687840,1.32772,1.32774,1.32743,1.32748,22
GBPUSD,1605687900,1.3274599999999999,1.3276,1.32745,1.32752,22
GBPUSD,1605687960,1.3275000000000001,1.32766,1.32744,1.32763,23
GBPUSD,1605688020,1.32764,1.32775,1.32757,1.32757,25
GBPUSD,1605688080,1.32757,1.32772,1.3275000000000001,1.3275000000000001,24
GBPUSD,1605688140,1.32751,1.3278400000000001,1.3275000000000001,1.32763,23
GBPUSD,1605688200,1.32763,1.32775,1.32737,1.32741,22
GBPUSD,1605688260,1.3274,1.32745,1.32717,1.32744,23
GBPUSD,1605688320,1.32745,1.32757,1.32737,1.3275000000000001,23
GBPUSD,1605688380,1.3275000000000001,1.3275000000000001,1.3271899999999999,1.32739,23
GBPUSD,1605688440,1.32739,1.32742,1.32727,1.32733,25
GBPUSD,1605688500,1.32734,1.32763,1.32734,1.32752,23
GBPUSD,1605688560,1.3275299999999999,1.32763,1.32734,1.32743,23
GBPUSD,1605688620,1.32743,1.3277999999999999,1.32742,1.3277,23
GBPUSD,1605688680,1.32771,1.3279,1.32768,1.3278400000000001,25
GBPUSD,1605688740,1.3278400000000001,1.32792,1.32759,1.32759,23
GBPUSD,1605688800,1.32758,1.32763,1.32747,1.32752,22
GBPUSD,1605688860,1.32751,1.32755,1.32724,1.32732,25
GBPUSD,1605688920,1.32731,1.32752,1.32724,1.32748,22
GBPUSD,1605688980,1.32749,1.3275299999999999,1.32722,1.32743,22
GBPUSD,1605689040,1.32743,1.32762,1.32737,1.32743,22
GBPUSD,1605689100,1.32743,1.3275000000000001,1.3272599999999999,1.3272599999999999,25
GBPUSD,1605689160,1.32728,1.32735,1.32713,1.32713,23
GBPUSD,1605689220,1.32713,1.3272599999999999,1.32711,1.3272,23
GBPUSD,1605689280,1.3272,1.32724,1.3271,1.32724,24
GBPUSD,1605689340,1.3272599999999999,1.32754,1.32724,1.32754,24
GBPUSD,1605689400,1.32754,1.32763,1.32751,1.3275299999999999,24
GBPUSD,1605689460,1.32754,1.32788,1.3275000000000001,1.32779,22
GBPUSD,1605689520,1.32779,1.3278400000000001,1.32771,1.32778,24
GBPUSD,1605689580,1.32778,1.32783,1.32758,1.32767,22
GBPUSD,1605689640,1.32767,1.32767,1.32744,1.32757,22
GBPUSD,1605689700,1.32757,1.3277700000000001,1.32757,1.32773,25
GBPUSD,1605689760,1.32774,1.32789,1.32771,1.32782,22
GBPUSD,1605689820,1.3278400000000001,1.3278699999999999,1.32761,1.32772,23
GBPUSD,1605689880,1.32773,1.32782,1.3277,1.32776,23
GBPUSD,1605689940,1.32775,1.32775,1.3275000000000001,1.32752,22
GBPUSD,1605690000,1.3275299999999999,1.32793,1.32752,1.32754,22
GBPUSD,1605690060,1.32752,1.32776,1.32736,1.32766,22
GBPUSD,1605690120,1.32766,1.32769,1.32717,1.32727,22
GBPUSD,1605690180,1.32729,1.32747,1.3272300000000001,1.32725,22
GBPUSD,1605690240,1.3272599999999999,1.32765,1.3272599999999999,1.32764,23
GBPUSD,1605690300,1.32763,1.3277999999999999,1.32745,1.32763,24
GBPUSD,1605690360,1.32762,1.32771,1.32755,1.32759,22
GBPUSD,1605690420,1.32763,1.3277,1.32735,1.32769,22
GBPUSD,1605690480,1.32769,1.3281100000000001,1.32765,1.32808,22
GBPUSD,1605690540,1.32809,1.32844,1.32805,1.3283,23
GBPUSD,1605690600,1.32829,1.32829,1.32779,1.32786,23
GBPUSD,1605690660,1.32786,1.32805,1.32782,1.32797,23
GBPUSD,1605690720,1.32796,1.32808,1.3279,1.32795,24
GBPUSD,1605690780,1.32795,1.3285,1.32792,1.3285,22
GBPUSD,1605690840,1.3285,1.32855,1.32828,1.32843,22
GBPUSD,1605690900,1.32842,1.32863,1.32842,1.32854,24
GBPUSD,1605690960,1.32854,1.32862,1.32824,1.32824,22
GBPUSD,1605691020,1.32823,1.32846,1.3281100000000001,1.3281399999999999,22
GBPUSD,1605691080,1.3281399999999999,1.3284099999999999,1.3281100000000001,1.32834,22
GBPUSD,1605691140,1.32835,1.32844,1.32823,1.32832,23
GBPUSD,1605691200,1.32831,1.32842,1.3282,1.32827,22
GBPUSD,1605691260,1.32827,1.3285,1.32825,1.32836,22
GBPUSD,1605691320,1.32835,1.32857,1.32823,1.3285,23
GBPUSD,1605691380,1.3285,1.3287200000000001,1.3284099999999999,1.3287200000000001,24
GBPUSD,1605691440,1.32873,1.32891,1.32869,1.32881,23
GBPUSD,1605691500,1.32881,1.3289,1.32862,1.32868,24
GBPUSD,1605691560,1.32868,1.32888,1.32865,1.32877,24
GBPUSD,1605691620,1.32877,1.32893,1.32867,1.3289,23
GBPUSD,1605691680,1.3289,1.3290600000000001,1.3287,1.3287,23
GBPUSD,1605691740,1.32869,1.3289,1.32866,1.32884,23
GBPUSD,1605691800,1.32887,1.32897,1.32861,1.32861,23
GBPUSD,1605691860,1.32861,1.3287200000000001,1.32835,1.32839,24
GBPUSD,1605691920,1.3283800000000001,1.3284,1.32824,1.32828,25
GBPUSD,1605691980,1.32828,1.32833,1.32803,1.3281,23
GBPUSD,1605692040,1.3281100000000001,1.32822,1.32793,1.32793,22
GBPUSD,1605692100,1.32795,1.32802,1.32761,1.32761,22
GBPUSD,1605692160,1.32762,1.3277700000000001,1.32751,1.32776,24
GBPUSD,1605692220,1.32776,1.3281,1.32765,1.32802,22
GBPUSD,1605692280,1.32803,1.32804,1.32771,1.32778,23
GBPUSD,1605692340,1.3277700000000001,1.32801,1.32771,1.3279,24
GBPUSD,1605692400,1.3279,1.3281,1.3279,1.32793,24
GBPUSD,1605692460,1.32795,1.32815,1.32788,1.32813,25
GBPUSD,1605692520,1.32812,1.3284099999999999,1.3281,1.32835,25
GBPUSD,1605692580,1.32835,1.32847,1.32827,1.32846,23
GBPUSD,1605692640,1.32846,1.32859,1.32836,1.32837,24
GBPUSD,1605692700,1.32837,1.32854,1.3281100000000001,1.32815,23
GBPUSD,1605692760,1.32816,1.32849,1.32813,1.3283,22
GBPUSD,1605692820,1.3283,1.32844,1.32823,1.32833,24
GBPUSD,1605692880,1.32833,1.3283800000000001,1.3281100000000001,1.3281100000000001,23
GBPUSD,1605692940,1.32812,1.32824,1.3280699999999999,1.32824,23
GBPUSD,1605693000,1.32826,1.32827,1.32812,1.32812,24
GBPUSD,1605693060,1.32812,1.32816,1.32796,1.32808,24
GBPUSD,1605693120,1.32809,1.32862,1.32809,1.3284099999999999,24
GBPUSD,1605693180,1.3284099999999999,1.3286,1.32833,1.32842,23
GBPUSD,1605693240,1.32842,1.32844,1.3281100000000001,1.32836,23
GBPUSD,1605693300,1.32835,1.32837,1.32803,1.32804,22
GBPUSD,1605693360,1.32802,1.3284,1.32802,1.3284,24
GBPUSD,1605693420,1.3284099999999999,1.32842,1.32803,1.32805,23
GBPUSD,1605693480,1.32806,1.32831,1.32806,1.32822,22
GBPUSD,1605693540,1.32821,1.32829,1.32801,1.32805,22
GBPUSD,1605693600,1.32805,1.3282,1.32781,1.32801,22
GBPUSD,1605693660,1.32801,1.32813,1.32799,1.3281100000000001,24
GBPUSD,1605693720,1.3281100000000001,1.32827,1.328,1.32819,22
GBPUSD,1605693780,1.32819,1.32839,1.32808,1.32809,22
GBPUSD,1605693840,1.32809,1.32831,1.32809,1.32826,23
GBPUSD,1605693900,1.32826,1.3285,1.32812,1.32847,22
GBPUSD,1605693960,1.3285,1.3287200000000001,1.3284099999999999,1.32869,22
GBPUSD,1605694020,1.32869,1.32886,1.32863,1.32883,24
GBPUSD,1605694080,1.32885,1.32917,1.3288,1.32914,22
GBPUSD,1605694140,1.32914,1.32916,1.32881,1.32883,22
GBPUSD,1605694200,1.32884,1.32895,1.3288,1.32892,24
GBPUSD,1605694260,1.32893,1.3290199999999999,1.3288,1.3288,22
GBPUSD,1605694320,1.3288,1.32913,1.3288,1.32912,22
GBPUSD,1605694380,1.32912,1.32924,1.32912,1.32922,23
GBPUSD,1605694440,1.32922,1.3293,1.32898,1.32901,22
GBPUSD,1605694500,1.32901,1.32916,1.329,1.3290600000000001,24
GBPUSD,1605694560,1.3290600000000001,1.32919,1.32901,1.32916,23
GBPUSD,1605694620,1.32916,1.3293,1.32911,1.32925,22
GBPUSD,1605694680,1.32927,1.32932,1.3291,1.32911,24
GBPUSD,1605694740,1.32911,1.32927,1.3290199999999999,1.3290199999999999,23
GBPUSD,1605694800,1.3290199999999999,1.32903,1.32876,1.32877,22
GBPUSD,1605694860,1.32876,1.3289,1.32851,1.32854,24
GBPUSD,1605694920,1.32853,1.32884,1.3285,1.32876,22
GBPUSD,1605694980,1.32876,1.32891,1.3287499999999999,1.32886,22
GBPUSD,1605695040,1.32885,1.3293300000000001,1.32877,1.32924,22
GBPUSD,1605695100,1.32922,1.32927,1.3290199999999999,1.3290600000000001,23
GBPUSD,1605695160,1.32907,1.32908,1.32895,1.32897,22
GBPUSD,1605695220,1.32896,1.32905,1.32891,1.32895,25
GBPUSD,1605695280,1.32895,1.32895,1.32874,1.32884,24
GBPUSD,1605695340,1.32883,1.32892,1.3287,1.32885,22
GBPUSD,1605695400,1.32884,1.32891,1.32878,1.32883,23
GBPUSD,1605695460,1.32883,1.32885,1.3287,1.32871,23
GBPUSD,1605695520,1.32871,1.32881,1.32853,1.32853,24
GBPUSD,1605695580,1.32853,1.32877,1.32851,1.32859,23
GBPUSD,1605695640,1.32858,1.32886,1.32851,1.32882,23
GBPUSD,1605695700,1.32883,1.32889,1.3287900000000001,1.32881,23
GBPUSD,1605695760,1.32881,1.32927,1.3287,1.32914,23
GBPUSD,1605695820,1.32917,1.32932,1.329,1.32904,23
GBPUSD,1605695880,1.32905,1.32905,1.32862,1.32873,23
GBPUSD,1605695940,1.32873,1.32883,1.32852,1.32873,23
GBPUSD,1605696000,1.32873,1.32888,1.3287200000000001,1.32881,23
GBPUSD,1605696060,1.32886,1.3291,1.32883,1.32883,23
GBPUSD,1605696120,1.32883,1.3292,1.32881,1.3290600000000001,22
GBPUSD,1605696180,1.32908,1.32911,1.32885,1.32893,23
GBPUSD,1605696240,1.32893,1.32915,1.32893,1.3290199999999999,23
GBPUSD,1605696300,1.32904,1.32926,1.32904,1.3292,24
GBPUSD,1605696360,1.3292,1.32925,1.32905,1.32922,24
GBPUSD,1605696420,1.32923,1.32942,1.32916,1.32937,23
GBPUSD,1605696480,1.32937,1.32943,1.3293,1.32938,24
GBPUSD,1605696540,1.32937,1.32965,1.32912,1.32912,22
GBPUSD,1605696600,1.32911,1.3293,1.3291,1.32921,23
GBPUSD,1605696660,1.32922,1.32926,1.32914,1.32923,23
GBPUSD,1605696720,1.32922,1.32931,1.32915,1.32923,23
GBPUSD,1605696780,1.32922,1.32929,1.3291,1.32913,23
GBPUSD,1605696840,1.32913,1.3292,1.32905,1.32919,23
GBPUSD,1605696900,1.32919,1.32925,1.32915,1.32915,26
GBPUSD,1605696960,1.32915,1.32923,1.32907,1.32917,25
GBPUSD,1605697020,1.32917,1.32917,1.32897,1.3290199999999999,23
GBPUSD,1605697080,1.3290199999999999,1.3290899999999999,1.32896,1.3290600000000001,22
GBPUSD,1605697140,1.3290600000000001,1.3290899999999999,1.32893,1.3290600000000001,22
GBPUSD,1605697200,1.32907,1.3290899999999999,1.32874,1.32881,22
GBPUSD,1605697260,1.32881,1.32898,1.3287900000000001,1.3287900000000001,23
GBPUSD,1605697320,1.32878,1.3287900000000001,1.3287,1.32874,24
GBPUSD,1605697380,1.3287499999999999,1.32882,1.32866,1.32876,24
GBPUSD,1605697440,1.32876,1.32876,1.3286,1.32861,25
GBPUSD,1605697500,1.32861,1.32862,1.32849,1.32849,22
GBPUSD,1605697560,1.32849,1.32866,1.32844,1.32852,23
GBPUSD,1605697620,1.32852,1.32861,1.32849,1.32851,24
GBPUSD,1605697680,1.32851,1.32861,1.32849,1.32849,25
GBPUSD,1605697740,1.32849,1.32868,1.32842,1.32852,23
GBPUSD,1605697800,1.32852,1.32861,1.32842,1.32851,24
GBPUSD,1605697860,1.32851,1.32852,1.32836,1.32851,24
GBPUSD,1605697920,1.32851,1.32877,1.3285,1.32873,22
GBPUSD,1605697980,1.3287200000000001,1.32874,1.3284799999999999,1.3284799999999999,24
GBPUSD,1605698040,1.3284799999999999,1.32885,1.3284799999999999,1.32864,22
GBPUSD,1605698100,1.32864,1.32888,1.32862,1.32885,24
GBPUSD,1605698160,1.32886,1.32886,1.32869,1.32881,25
GBPUSD,1605698220,1.32881,1.3290199999999999,1.3287200000000001,1.3289900000000001,23
GBPUSD,1605698280,1.3289900000000001,1.32901,1.32878,1.32882,24
GBPUSD,1605698340,1.32883,1.32897,1.3288,1.32892,23
GBPUSD,1605698400,1.32893,1.32893,1.32882,1.3289,25
GBPUSD,1605698460,1.32891,1.32891,1.3287,1.32882,23
GBPUSD,1605698520,1.32882,1.32892,1.32861,1.32861,23
GBPUSD,1605698580,1.32861,1.3287200000000001,1.32852,1.32861,22
GBPUSD,1605698640,1.32861,1.32894,1.32861,1.32886,24
GBPUSD,1605698700,1.32885,1.32887,1.3287900000000001,1.32881,24
GBPUSD,1605698760,1.32881,1.32893,1.32873,1.3287900000000001,24
GBPUSD,1605698820,1.3287900000000001,1.32916,1.3287900000000001,1.32905,22
GBPUSD,1605698880,1.32904,1.32923,1.32898,1.3292,24
GBPUSD,1605698940,1.3292,1.3292,1.32882,1.32892,22
GBPUSD,1605699000,1.32894,1.32895,1.32869,1.32869,24
GBPUSD,1605699060,1.3287,1.32883,1.32865,1.32868,25
GBPUSD,1605699120,1.3287,1.32876,1.32864,1.32865,23
GBPUSD,1605699180,1.32865,1.32874,1.32857,1.32874,22
GBPUSD,1605699240,1.32874,1.3287499999999999,1.3286,1.32868,22
GBPUSD,1605699300,1.32868,1.32869,1.32853,1.32868,23
GBPUSD,1605699360,1.32867,1.32868,1.32839,1.3284,25
GBPUSD,1605699420,1.3284,1.32858,1.32839,1.32842,24
GBPUSD,1605699480,1.3284099999999999,1.32863,1.3284,1.32862,22
GBPUSD,1605699540,1.32864,1.32883,1.32864,1.32876,24
GBPUSD,1605699600,1.3287499999999999,1.32882,1.3285,1.32871,23
GBPUSD,1605699660,1.3287200000000001,1.32878,1.32863,1.3287,24
GBPUSD,1605699720,1.32869,1.32871,1.3284500000000001,1.32847,26
GBPUSD,1605699780,1.3284799999999999,1.32862,1.32843,1.32849,22
GBPUSD,1605699840,1.32849,1.32849,1.32824,1.32837,24
GBPUSD,1605699900,1.3283800000000001,1.32869,1.32837,1.32856,23
GBPUSD,1605699960,1.32857,1.32883,1.32857,1.32871,24
GBPUSD,1605700020,1.3287,1.3290199999999999,1.3287,1.32892,23
GBPUSD,1605700080,1.32892,1.32901,1.3287900000000001,1.32882,23
GBPUSD,1605700140,1.32883,1.32894,1.3288,1.32884,24
GBPUSD,1605700200,1.32884,1.3289,1.32864,1.32864,23
GBPUSD,1605700260,1.32864,1.3287200000000001,1.32859,1.3286,22
GBPUSD,1605700320,1.3286,1.32873,1.3286,1.3286,23
GBPUSD,1605700380,1.3286,1.32878,1.3286,1.32877,24
GBPUSD,1605700440,1.32878,1.3288,1.32861,1.3288,24
GBPUSD,1605700500,1.32881,1.32884,1.32844,1.3285,23
GBPUSD,1605700560,1.3285,1.32885,1.3285,1.32877,22
GBPUSD,1605700620,1.32877,1.32891,1.32876,1.32887,22
GBPUSD,1605700680,1.32886,1.32907,1.32885,1.32891,22
GBPUSD,1605700740,1.32891,1.32903,1.32887,1.3290199999999999,22
GBPUSD,1605700800,1.32903,1.32925,1.32897,1.32907,24
GBPUSD,1605700860,1.32907,1.32907,1.3289,1.32903,23
GBPUSD,1605700920,1.32903,1.3290600000000001,1.3289900000000001,1.32905,25
GBPUSD,1605700980,1.32905,1.32905,1.32887,1.3289,26
GBPUSD,1605701040,1.3289,1.3289,1.32873,1.32876,25
GBPUSD,1605701100,1.32876,1.32878,1.32868,1.32868,24
GBPUSD,1605701160,1.32868,1.32881,1.32867,1.32871,23
GBPUSD,1605701220,1.3287200000000001,1.32884,1.32871,1.3287900000000001,22
GBPUSD,1605701280,1.3287900000000001,1.32885,1.32867,1.32868,22
GBPUSD,1605701340,1.32868,1.3287499999999999,1.32852,1.32852,22
GBPUSD,1605701400,1.32852,1.32852,1.32825,1.32829,23
GBPUSD,1605701460,1.32829,1.3284,1.32809,1.32815,22
GBPUSD,1605701520,1.32815,1.32835,1.32815,1.32831,23
GBPUSD,1605701580,1.32832,1.32866,1.32831,1.32853,22
GBPUSD,1605701640,1.32853,1.32854,1.32834,1.32835,23
GBPUSD,1605701700,1.32837,1.32867,1.32837,1.32855,22
GBPUSD,1605701760,1.32855,1.32863,1.32849,1.32861,22
GBPUSD,1605701820,1.32862,1.32862,1.3285,1.3285,24
GBPUSD,1605701880,1.3285,1.32853,1.3284099999999999,1.3284799999999999,24
GBPUSD,1605701940,1.3284799999999999,1.32871,1.3284500000000001,1.32846,22
GBPUSD,1605702000,1.32846,1.32849,1.32836,1.32837,25
GBPUSD,1605702060,1.32836,1.3284,1.32829,1.32834,25
GBPUSD,1605702120,1.32834,1.3284,1.3281800000000001,1.3282,23
GBPUSD,1605702180,1.3282,1.32822,1.32809,1.3281,22
GBPUSD,1605702240,1.3281100000000001,1.3281399999999999,1.32783,1.32794,23
GBPUSD,1605702300,1.32794,1.32812,1.3279,1.328,22
GBPUSD,1605702360,1.32801,1.32822,1.328,1.32821,22
GBPUSD,1605702420,1.3281800000000001,1.3281800000000001,1.32796,1.32798,23
GBPUSD,1605702480,1.32798,1.32822,1.32798,1.32816,25
GBPUSD,1605702540,1.32816,1.32816,1.32795,1.32795,24
GBPUSD,1605702600,1.32796,1.32819,1.32796,1.3281,22
GBPUSD,1605702660,1.3281399999999999,1.32832,1.32805,1.3281100000000001,23
GBPUSD,1605702720,1.3281100000000001,1.3282,1.32795,1.32801,22
GBPUSD,1605702780,1.32801,1.32803,1.3279,1.32796,24
GBPUSD,1605702840,1.32796,1.32797,1.32771,1.32786,24
GBPUSD,1605702900,1.32786,1.32791,1.32749,1.32752,22
GBPUSD,1605702960,1.32752,1.32756,1.32739,1.32755,23
GBPUSD,1605703020,1.32757,1.32782,1.32734,1.3277700000000001,22
GBPUSD,1605703080,1.3277700000000001,1.3277700000000001,1.3276,1.3277700000000001,23
GBPUSD,1605703140,1.3277700000000001,1.32783,1.32763,1.32768,23
GBPUSD,1605703200,1.32768,1.32781,1.32762,1.32771,24
GBPUSD,1605703260,1.32772,1.32795,1.32772,1.32792,23
GBPUSD,1605703320,1.32792,1.32797,1.32763,1.32771,23
GBPUSD,1605703380,1.32771,1.32785,1.32763,1.32781,24
GBPUSD,1605703440,1.32781,1.3279,1.3277999999999999,1.3278400000000001,22
GBPUSD,1605703500,1.3278400000000001,1.32839,1.32767,1.3283,22
GBPUSD,1605703560,1.32826,1.32854,1.32817,1.3283800000000001,22
GBPUSD,1605703620,1.3283800000000001,1.32867,1.32837,1.32844,24
GBPUSD,1605703680,1.32844,1.3284799999999999,1.32829,1.3283,22
GBPUSD,1605703740,1.3283,1.3284799999999999,1.32826,1.32832,22
GBPUSD,1605703800,1.32832,1.32832,1.3281800000000001,1.32821,22
GBPUSD,1605703860,1.32821,1.32821,1.3278400000000001,1.32792,24
GBPUSD,1605703920,1.32791,1.32801,1.32779,1.32801,24
GBPUSD,1605703980,1.32802,1.32806,1.32789,1.32794,26
GBPUSD,1605704040,1.32795,1.32804,1.3277999999999999,1.32801,23
GBPUSD,1605704100,1.32801,1.32808,1.3276,1.32766,26
GBPUSD,1605704160,1.32766,1.32775,1.3273,1.32754,23
GBPUSD,1605704220,1.32754,1.32795,1.32754,1.3279,22
GBPUSD,1605704280,1.3279,1.32797,1.32749,1.32749,23
GBPUSD,1605704340,1.3275000000000001,1.32788,1.3275000000000001,1.32775,23
GBPUSD,1605704400,1.32775,1.3278699999999999,1.32762,1.32769,23
GBPUSD,1605704460,1.32769,1.32769,1.3271600000000001,1.3272,24
GBPUSD,1605704520,1.3272,1.32721,1.32688,1.32711,24
GBPUSD,1605704580,1.32712,1.3271899999999999,1.32633,1.32642,22
GBPUSD,1605704640,1.32643,1.32679,1.32629,1.3265799999999999,22
GBPUSD,1605704700,1.3265799999999999,1.32699,1.32657,1.32672,22
GBPUSD,1605704760,1.32672,1.32709,1.32668,1.32707,22
GBPUSD,1605704820,1.32708,1.32708,1.32668,1.32684,22
GBPUSD,1605704880,1.32684,1.32725,1.32678,1.32705,22
GBPUSD,1605704940,1.32702,1.32714,1.32687,1.32711,22
GBPUSD,1605705000,1.32711,1.32749,1.32708,1.32748,23
GBPUSD,1605705060,1.32748,1.32748,1.3272300000000001,1.32743,22
GBPUSD,1605705120,1.32743,1.32743,1.32704,1.32708,23
GBPUSD,1605705180,1.32708,1.32725,1.32708,1.32712,22
GBPUSD,1605705240,1.32713,1.3271600000000001,1.32687,1.3268900000000001,25
GBPUSD,1605705300,1.32691,1.32725,1.32687,1.32691,22
GBPUSD,1605705360,1.32691,1.3271600000000001,1.3269,1.32702,23
GBPUSD,1605705420,1.32702,1.32717,1.32699,1.32709,23
GBPUSD,1605705480,1.32708,1.32714,1.32701,1.32705,23
GBPUSD,1605705540,1.32707,1.32728,1.32705,1.32714,24
GBPUSD,1605705600,1.3271600000000001,1.32724,1.32711,1.3271899999999999,22
GBPUSD,1605705660,1.3271899999999999,1.32733,1.32717,1.32721,22
GBPUSD,1605705720,1.32722,1.3274,1.3272,1.32722,24
GBPUSD,1605705780,1.32722,1.32745,1.32722,1.32744,22
GBPUSD,1605705840,1.32744,1.32762,1.32741,1.32742,23
GBPUSD,1605705900,1.32742,1.3276,1.32737,1.32759,23
GBPUSD,1605705960,1.32759,1.32766,1.32752,1.32752,24
GBPUSD,1605706020,1.32752,1.32767,1.32752,1.32766,25
GBPUSD,1605706080,1.32766,1.32778,1.32748,1.3275000000000001,22
GBPUSD,1605706140,1.3275000000000001,1.32757,1.32747,1.32751,22
GBPUSD,1605706200,1.3275000000000001,1.32786,1.32748,1.32779,22
GBPUSD,1605706260,1.3277999999999999,1.3279,1.3277999999999999,1.32782,22
GBPUSD,1605706320,1.3277999999999999,1.3277999999999999,1.32761,1.32763,23
GBPUSD,1605706380,1.32762,1.32781,1.32757,1.32767,23
GBPUSD,1605706440,1.32766,1.32774,1.32749,1.3275299999999999,22
GBPUSD,1605706500,1.32752,1.32754,1.32732,1.32735,24
GBPUSD,1605706560,1.32735,1.32736,1.3272599999999999,1.32731,24
GBPUSD,1605706620,1.32732,1.32741,1.32728,1.3274,23
GBPUSD,1605706680,1.3274,1.32768,1.3274,1.3274599999999999,23
GBPUSD,1605706740,1.3274599999999999,1.32764,1.32738,1.32764,22
GBPUSD,1605706800,1.32763,1.32767,1.32757,1.32757,22
GBPUSD,1605706860,1.32757,1.32765,1.32755,1.32759,22
GBPUSD,1605706920,1.32759,1.32762,1.32747,1.32758,22
GBPUSD,1605706980,1.32759,1.32773,1.32755,1.3276,22
GBPUSD,1605707040,1.32759,1.32762,1.32752,1.3275299999999999,24
GBPUSD,1605707100,1.3275299999999999,1.32776,1.3275000000000001,1.32774,22
GBPUSD,1605707160,1.32774,1.32804,1.32767,1.328,22
GBPUSD,1605707220,1.32799,1.3282,1.32798,1.3281,23
GBPUSD,1605707280,1.3281,1.32815,1.32797,1.32798,24
GBPUSD,1605707340,1.32798,1.3281399999999999,1.32792,1.32805,24
GBPUSD,1605707400,1.32803,1.32804,1.32771,1.32772,22
GBPUSD,1605707460,1.32772,1.32772,1.32733,1.32749,22
GBPUSD,1605707520,1.32749,1.32764,1.32745,1.32754,24
GBPUSD,1605707580,1.3275299999999999,1.32768,1.32732,1.32754,24
GBPUSD,1605707640,1.3275299999999999,1.3275299999999999,1.32728,1.32728,23
GBPUSD,1605707700,1.32728,1.32765,1.32725,1.32757,22
GBPUSD,1605707760,1.32757,1.32771,1.32754,1.32763,22
GBPUSD,1605707820,1.32763,1.32774,1.32755,1.32763,22
GBPUSD,1605707880,1.32763,1.32771,1.32749,1.32761,22
GBPUSD,1605707940,1.32761,1.32772,1.3275000000000001,1.32752,23
GBPUSD,1605708000,1.32751,1.32767,1.32747,1.3275000000000001,23
GBPUSD,1605708060,1.3275000000000001,1.32751,1.32718,1.3272599999999999,22
GBPUSD,1605708120,1.32725,1.32752,1.3271899999999999,1.3273,22
GBPUSD,1605708180,1.3273,1.32732,1.3271,1.32714,24
GBPUSD,1605708240,1.32714,1.32724,1.32704,1.32708,22
GBPUSD,1605708300,1.32708,1.32744,1.32708,1.32717,22
GBPUSD,1605708360,1.32718,1.32754,1.32718,1.32754,24
GBPUSD,1605708420,1.32754,1.3276,1.32738,1.32752,22
GBPUSD,1605708480,1.32752,1.32752,1.32729,1.32737,23
GBPUSD,1605708540,1.32737,1.32769,1.32736,1.32758,23
GBPUSD,1605708600,1.32757,1.32768,1.32757,1.32763,25
GBPUSD,1605708660,1.32761,1.3277700000000001,1.32759,1.32771,25
GBPUSD,1605708720,1.3277,1.32788,1.3277,1.32786,23
GBPUSD,1605708780,1.32786,1.32786,1.32709,1.3271600000000001,22
GBPUSD,1605708840,1.3271600000000001,1.32785,1.3271600000000001,1.32773,23
GBPUSD,1605708900,1.32773,1.3277700000000001,1.32754,1.32773,25
GBPUSD,1605708960,1.32773,1.32783,1.32769,1.32775,24
GBPUSD,1605709020,1.32775,1.32783,1.32763,1.32763,24
GBPUSD,1605709080,1.32762,1.3277,1.32755,1.32768,24
GBPUSD,1605709140,1.32767,1.3277700000000001,1.3274599999999999,1.32758,23
GBPUSD,1605709200,1.32758,1.32765,1.32736,1.32765,22
GBPUSD,1605709260,1.32764,1.32783,1.3275299999999999,1.32762,24
GBPUSD,1605709320,1.32762,1.32773,1.3274599999999999,1.32751,24
GBPUSD,1605709380,1.32751,1.32751,1.32671,1.32684,22
GBPUSD,1605709440,1.32684,1.32712,1.32676,1.32688,23
GBPUSD,1605709500,1.3269,1.32709,1.32678,1.32705,23
GBPUSD,1605709560,1.32707,1.32707,1.32669,1.3267,22
GBPUSD,1605709620,1.32669,1.32681,1.32653,1.32656,22
GBPUSD,1605709680,1.32656,1.32661,1.32645,1.32651,23
GBPUSD,1605709740,1.32652,1.32682,1.32652,1.32673,22
GBPUSD,1605709800,1.32673,1.32673,1.32644,1.3266499999999999,22
GBPUSD,1605709860,1.32666,1.32683,1.32661,1.32673,24
GBPUSD,1605709920,1.3267,1.32701,1.3267,1.3269199999999999,22
GBPUSD,1605709980,1.32691,1.32691,1.3266200000000001,1.3266200000000001,22
GBPUSD,1605710040,1.3266200000000001,1.32679,1.32653,1.32667,25
GBPUSD,1605710100,1.32668,1.32697,1.32661,1.32673,23
GBPUSD,1605710160,1.32673,1.32687,1.3265500000000001,1.32656,22
GBPUSD,1605710220,1.32656,1.32671,1.32651,1.3266200000000001,22
GBPUSD,1605710280,1.32663,1.32681,1.32661,1.3268,22
GBPUSD,1605710340,1.3268,1.3268,1.32639,1.32651,22
GBPUSD,1605710400,1.3265,1.3266200000000001,1.32648,1.3265799999999999,23
GBPUSD,1605710460,1.3265799999999999,1.32663,1.3263,1.3263099999999999,23
GBPUSD,1605710520,1.3263,1.32638,1.3262,1.32629,22
GBPUSD,1605710580,1.32629,1.32649,1.32629,1.32641,25
GBPUSD,1605710640,1.32641,1.32668,1.32641,1.32663,24
GBPUSD,1605710700,1.32663,1.3267,1.32651,1.32668,22
GBPUSD,1605710760,1.32668,1.32684,1.32666,1.32682,22
GBPUSD,1605710820,1.32682,1.32682,1.3263099999999999,1.32636,22
GBPUSD,1605710880,1.32635,1.32649,1.32612,1.32649,22
GBPUSD,1605710940,1.32649,1.32686,1.32649,1.32683,22
GBPUSD,1605711000,1.32683,1.32703,1.3268,1.32702,23
GBPUSD,1605711060,1.32702,1.32706,1.32652,1.32679,22
GBPUSD,1605711120,1.32679,1.32705,1.32676,1.3269199999999999,22
GBPUSD,1605711180,1.32691,1.32704,1.32686,1.32703,24
GBPUSD,1605711240,1.32703,1.32743,1.32702,1.32733,22
GBPUSD,1605711300,1.32733,1.32733,1.32708,1.32715,24
GBPUSD,1605711360,1.32715,1.32774,1.32701,1.32765,22
GBPUSD,1605711420,1.32765,1.32765,1.32721,1.32754,22
GBPUSD,1605711480,1.32754,1.32755,1.32701,1.32718,22
GBPUSD,1605711540,1.32718,1.32737,1.32718,1.32733,25
GBPUSD,1605711600,1.32733,1.32771,1.32707,1.32752,23
GBPUSD,1605711660,1.32752,1.32772,1.3274,1.3276,22
GBPUSD,1605711720,1.32761,1.32766,1.32725,1.32744,22
GBPUSD,1605711780,1.32744,1.3275000000000001,1.32713,1.3272300000000001,23
GBPUSD,1605711840,1.3272300000000001,1.32755,1.3272300000000001,1.3274,23
GBPUSD,1605711900,1.3274,1.32764,1.32727,1.32732,22
GBPUSD,1605711960,1.32732,1.32744,1.32706,1.32717,22
GBPUSD,1605712020,1.32717,1.32727,1.3269199999999999,1.32693,22
GBPUSD,1605712080,1.32693,1.32704,1.32681,1.32704,23
GBPUSD,1605712140,1.32704,1.32718,1.32686,1.32698,22
GBPUSD,1605712200,1.32698,1.32708,1.32682,1.32693,23
GBPUSD,1605712260,1.32693,1.32709,1.32683,1.32696,22
GBPUSD,1605712320,1.32696,1.32712,1.32693,1.32712,23
GBPUSD,1605712380,1.32712,1.32722,1.32698,1.32707,22
GBPUSD,1605712440,1.32706,1.32718,1.32702,1.32713,22
GBPUSD,1605712500,1.32713,1.32735,1.32705,1.32728,22
GBPUSD,1605712560,1.32729,1.32733,1.32714,1.32722,23
GBPUSD,1605712620,1.32722,1.32748,1.3272,1.3272300000000001,23
GBPUSD,1605712680,1.3272300000000001,1.3272300000000001,1.32699,1.32703,23
GBPUSD,1605712740,1.32704,1.3272,1.32696,1.32703,22
GBPUSD,1605712800,1.32703,1.32714,1.3269,1.32713,22
GBPUSD,1605712860,1.32713,1.3271899999999999,1.32701,1.32715,22
GBPUSD,1605712920,1.32714,1.32727,1.32714,1.3272300000000001,22
GBPUSD,1605712980,1.32722,1.3278400000000001,1.32722,1.32773,22
GBPUSD,1605713040,1.32773,1.32781,1.32755,1.32775,23
GBPUSD,1605713100,1.32775,1.3279,1.32761,1.32767,22
GBPUSD,1605713160,1.32767,1.32772,1.32743,1.32743,22
GBPUSD,1605713220,1.32743,1.32744,1.32741,1.32742,25
GBPUSD,1605713280,1.32742,1.32772,1.32732,1.32772,22
GBPUSD,1605713340,1.32769,1.32789,1.32766,1.32766,23
GBPUSD,1605713400,1.32766,1.32835,1.32766,1.32833,22
GBPUSD,1605713460,1.32833,1.32849,1.32823,1.32835,22
GBPUSD,1605713520,1.32834,1.32835,1.32812,1.32819,23
GBPUSD,1605713580,1.3281800000000001,1.32831,1.32815,1.32831,23
GBPUSD,1605713640,1.3283,1.32843,1.32823,1.32832,23
GBPUSD,1605713700,1.32832,1.32836,1.3281,1.32815,22
GBPUSD,1605713760,1.32815,1.3281800000000001,1.32795,1.3281,22
GBPUSD,1605713820,1.3281100000000001,1.3281399999999999,1.32794,1.32813,23
GBPUSD,1605713880,1.32813,1.32855,1.32805,1.32854,22
GBPUSD,1605713940,1.32854,1.32874,1.32849,1.32863,22
GBPUSD,1605714000,1.32863,1.32871,1.3284,1.32853,23
GBPUSD,1605714060,1.32853,1.3287200000000001,1.3284,1.32862,22
GBPUSD,1605714120,1.32863,1.3290899999999999,1.32862,1.32893,22
GBPUSD,1605714180,1.32892,1.3289900000000001,1.32874,1.32892,22
GBPUSD,1605714240,1.32893,1.32903,1.32883,1.32883,22
GBPUSD,1605714300,1.32882,1.32894,1.32881,1.32883,23
GBPUSD,1605714360,1.32883,1.32901,1.32878,1.32888,22
GBPUSD,1605714420,1.32888,1.32895,1.32881,1.32887,22
GBPUSD,1605714480,1.32887,1.32897,1.32882,1.32887,22
GBPUSD,1605714540,1.32887,1.32893,1.3288,1.32882,22
GBPUSD,1605714600,1.32883,1.32916,1.32878,1.32916,22
GBPUSD,1605714660,1.32916,1.3294000000000001,1.32916,1.32927,22
GBPUSD,1605714720,1.32927,1.32927,1.32908,1.32912,23
GBPUSD,1605714780,1.32913,1.32927,1.3291,1.32915,22
GBPUSD,1605714840,1.32915,1.32922,1.32904,1.3290600000000001,24
GBPUSD,1605714900,1.3290600000000001,1.32925,1.3290199999999999,1.32923,22
GBPUSD,1605714960,1.32924,1.32924,1.3290600000000001,1.3290600000000001,22
GBPUSD,1605715020,1.3290600000000001,1.32922,1.329,1.32919,22
GBPUSD,1605715080,1.32919,1.32922,1.32908,1.32915,22
GBPUSD,1605715140,1.32917,1.32922,1.3289900000000001,1.32922,22
GBPUSD,1605715200,1.32922,1.32937,1.32912,1.3293300000000001,22
GBPUSD,1605715260,1.3293300000000001,1.32954,1.32926,1.32953,22
GBPUSD,1605715320,1.32953,1.32956,1.32939,1.32944,22
GBPUSD,1605715380,1.32944,1.32959,1.32942,1.32949,22
GBPUSD,1605715440,1.32949,1.32973,1.32945,1.32965,23
GBPUSD,1605715500,1.32965,1.32998,1.32965,1.32975,22
GBPUSD,1605715560,1.32975,1.32981,1.32961,1.32964,23
GBPUSD,1605715620,1.32966,1.32992,1.32961,1.32975,22
GBPUSD,1605715680,1.32974,1.33,1.32962,1.3299400000000001,22
GBPUSD,1605715740,1.32993,1.3299699999999999,1.32981,1.3299699999999999,22
GBPUSD,1605715800,1.3299699999999999,1.33053,1.32996,1.33014,22
GBPUSD,1605715860,1.33014,1.33022,1.32992,1.33004,22
GBPUSD,1605715920,1.33003,1.3302,1.32998,1.3301,23
GBPUSD,1605715980,1.3301,1.33056,1.3301,1.33052,22
GBPUSD,1605716040,1.33052,1.33056,1.3303099999999999,1.3303099999999999,22
GBPUSD,1605716100,1.33033,1.33033,1.33006,1.33019,22
GBPUSD,1605716160,1.33022,1.33027,1.3299,1.3299400000000001,22
GBPUSD,1605716220,1.3299400000000001,1.33007,1.3298,1.32981,22
GBPUSD,1605716280,1.32981,1.32989,1.32962,1.32971,22
GBPUSD,1605716340,1.32971,1.33,1.3296000000000001,1.3299400000000001,22
GBPUSD,1605716400,1.3299400000000001,1.33033,1.3299400000000001,1.33032,22
GBPUSD,1605716460,1.33032,1.33057,1.33009,1.33018,22
GBPUSD,1605716520,1.33017,1.33018,1.32995,1.32999,22
GBPUSD,1605716580,1.32999,1.33032,1.32999,1.3302800000000001,22
GBPUSD,1605716640,1.3302800000000001,1.3306499999999999,1.33027,1.33054,22
GBPUSD,1605716700,1.33054,1.33059,1.33033,1.33045,22
GBPUSD,1605716760,1.33044,1.33059,1.33044,1.33051,23
GBPUSD,1605716820,1.33051,1.3306200000000001,1.33042,1.33047,22
GBPUSD,1605716880,1.33048,1.3305500000000001,1.33039,1.33052,24
GBPUSD,1605716940,1.33051,1.3308499999999999,1.33051,1.33083,23
GBPUSD,1605717000,1.3308200000000001,1.33112,1.3308200000000001,1.33091,22
GBPUSD,1605717060,1.33091,1.33102,1.33038,1.33039,22
GBPUSD,1605717120,1.33039,1.33053,1.32968,1.3296999999999999,22
GBPUSD,1605717180,1.32976,1.3299699999999999,1.32943,1.32956,22
GBPUSD,1605717240,1.32954,1.33012,1.32952,1.3300100000000001,22
GBPUSD,1605717300,1.33,1.3302800000000001,1.33,1.33003,22
GBPUSD,1605717360,1.33007,1.33029,1.3300100000000001,1.3300100000000001,22
GBPUSD,1605717420,1.3300100000000001,1.33013,1.3300100000000001,1.33009,23
GBPUSD,1605717480,1.33009,1.33014,1.3300100000000001,1.3300100000000001,23
GBPUSD,1605717540,1.3300100000000001,1.33064,1.3300100000000001,1.33061,22
GBPUSD,1605717600,1.33061,1.3309,1.33061,1.33074,22
GBPUSD,1605717660,1.33074,1.33078,1.33046,1.33048,22
GBPUSD,1605717720,1.33048,1.33087,1.3304,1.33087,22
GBPUSD,1605717780,1.33087,1.3309199999999999,1.3302399999999999,1.33033,22
GBPUSD,1605717840,1.33033,1.3304,1.33022,1.33036,24
GBPUSD,1605717900,1.33035,1.3305500000000001,1.33025,1.33052,22
GBPUSD,1605717960,1.33051,1.33054,1.33012,1.33014,23
GBPUSD,1605718020,1.33013,1.3302100000000001,1.3300100000000001,1.33002,22
GBPUSD,1605718080,1.33003,1.3301,1.32982,1.32982,22
GBPUSD,1605718140,1.32982,1.33038,1.32979,1.33018,22
GBPUSD,1605718200,1.33018,1.33061,1.33018,1.33049,22
GBPUSD,1605718260,1.3305,1.33064,1.3303,1.3303099999999999,24
GBPUSD,1605718320,1.3303,1.3303,1.33003,1.33005,23
GBPUSD,1605718380,1.33005,1.33011,1.33,1.3300100000000001,23
GBPUSD,1605718440,1.3300100000000001,1.3301,1.32971,1.3298,22
GBPUSD,1605718500,1.3298,1.3303099999999999,1.3298,1.3302100000000001,22
GBPUSD,1605718560,1.33022,1.33059,1.33022,1.33036,22
GBPUSD,1605718620,1.33036,1.3305,1.33022,1.3303,22
GBPUSD,1605718680,1.3302800000000001,1.3302800000000001,1.32993,1.33013,22
GBPUSD,1605718740,1.33012,1.33018,1.3300100000000001,1.33015,22
GBPUSD,1605718800,1.33014,1.33034,1.33004,1.3302399999999999,22
GBPUSD,1605718860,1.33023,1.33034,1.33018,1.3302,22
GBPUSD,1605718920,1.3302,1.3303099999999999,1.33011,1.3302100000000001,22
GBPUSD,1605718980,1.3302,1.33022,1.32993,1.3299699999999999,22
GBPUSD,1605719040,1.3299699999999999,1.33004,1.32991,1.32999,24
GBPUSD,1605719100,1.33,1.33002,1.3296700000000001,1.3296999999999999,22
GBPUSD,1605719160,1.32971,1.3299400000000001,1.32969,1.32984,22
GBPUSD,1605719220,1.32984,1.3299400000000001,1.32971,1.3298,22
GBPUSD,1605719280,1.32979,1.32986,1.32969,1.32969,22
GBPUSD,1605719340,1.3296999999999999,1.32973,1.32962,1.32971,23
GBPUSD,1605719400,1.32972,1.32974,1.32962,1.32972,22
GBPUSD,1605719460,1.32972,1.32992,1.32972,1.32982,22
GBPUSD,1605719520,1.32982,1.32982,1.3296999999999999,1.3296999999999999,22
GBPUSD,1605719580,1.3296999999999999,1.32982,1.3296299999999999,1.32981,22
GBPUSD,1605719640,1.3298,1.3300100000000001,1.32977,1.32991,22
GBPUSD,1605719700,1.32991,1.33,1.32985,1.32996,22
GBPUSD,1605719760,1.32996,1.3300100000000001,1.32982,1.32982,24
GBPUSD,1605719820,1.32982,1.33004,1.32982,1.32998,22
GBPUSD,1605719880,1.32998,1.32998,1.32953,1.32955,22
GBPUSD,1605719940,1.32956,1.3298,1.32956,1.3296999999999999,22
GBPUSD,1605720000,1.3296999999999999,1.32972,1.32961,1.32961,23
GBPUSD,1605720060,1.32961,1.32961,1.3294000000000001,1.3294000000000001,23
GBPUSD,1605720120,1.3294000000000001,1.32962,1.3294000000000001,1.3296000000000001,22
GBPUSD,1605720180,1.3296000000000001,1.3296000000000001,1.3293,1.32932,22
GBPUSD,1605720240,1.32932,1.32939,1.32922,1.3293599999999999,22
GBPUSD,1605720300,1.32935,1.32948,1.32931,1.32935,22
GBPUSD,1605720360,1.32935,1.32946,1.32932,1.32932,22
GBPUSD,1605720420,1.32932,1.32932,1.3290899999999999,1.3291,22
GBPUSD,1605720480,1.3291,1.32912,1.32892,1.32907,22
GBPUSD,1605720540,1.32907,1.32921,1.3290199999999999,1.32903,22
GBPUSD,1605720600,1.32903,1.32913,1.3290199999999999,1.32913,24
GBPUSD,1605720660,1.32912,1.32944,1.32912,1.32938,22
GBPUSD,1605720720,1.3293599999999999,1.32951,1.32932,1.32937,22
GBPUSD,1605720780,1.32938,1.32979,1.32938,1.32975,22
GBPUSD,1605720840,1.32975,1.32984,1.3296700000000001,1.32968,22
GBPUSD,1605720900,1.32968,1.32982,1.32962,1.32981,22
GBPUSD,1605720960,1.32981,1.32995,1.32942,1.3295,22
GBPUSD,1605721020,1.3295,1.32961,1.3293300000000001,1.32934,22
GBPUSD,1605721080,1.32934,1.32957,1.32924,1.3295,22
GBPUSD,1605721140,1.3295,1.32958,1.32944,1.32952,22
GBPUSD,1605721200,1.32953,1.3300100000000001,1.32942,1.32982,22
GBPUSD,1605721260,1.32982,1.32993,1.32981,1.32982,24
GBPUSD,1605721320,1.32982,1.32982,1.32957,1.32972,23
GBPUSD,1605721380,1.32971,1.32985,1.32961,1.32985,22
GBPUSD,1605721440,1.32984,1.32993,1.32981,1.32991,22
GBPUSD,1605721500,1.32991,1.33004,1.3299,1.32995,24
GBPUSD,1605721560,1.32995,1.32995,1.32969,1.32973,22
GBPUSD,1605721620,1.32973,1.3298,1.32961,1.32961,22
GBPUSD,1605721680,1.32961,1.32962,1.32944,1.32962,22
GBPUSD,1605721740,1.3296299999999999,1.32971,1.3296000000000001,1.32964,22
GBPUSD,1605721800,1.32964,1.32968,1.32952,1.32964,22
GBPUSD,1605721860,1.3296299999999999,1.32977,1.32961,1.32975,22
GBPUSD,1605721920,1.32975,1.3299,1.32964,1.32972,22
GBPUSD,1605721980,1.32971,1.32973,1.32952,1.32973,22
GBPUSD,1605722040,1.32971,1.32973,1.32961,1.32961,24
GBPUSD,1605722100,1.32961,1.32973,1.32961,1.32972,22
GBPUSD,1605722160,1.32972,1.32973,1.32961,1.32971,22
GBPUSD,1605722220,1.32972,1.32972,1.32952,1.32961,22
GBPUSD,1605722280,1.3296000000000001,1.32977,1.32959,1.32974,23
GBPUSD,1605722340,1.32974,1.32977,1.32961,1.3296700000000001,22
GBPUSD,1605722400,1.3296700000000001,1.32972,1.32965,1.32966,22
GBPUSD,1605722460,1.32966,1.32968,1.3295,1.32961,22
GBPUSD,1605722520,1.32962,1.32971,1.32962,1.32966,22
GBPUSD,1605722580,1.3296700000000001,1.32971,1.32941,1.32944,22
GBPUSD,1605722640,1.32944,1.32954,1.32944,1.3295,22
GBPUSD,1605722700,1.32951,1.32973,1.3295,1.32964,23
GBPUSD,1605722760,1.3296299999999999,1.3296299999999999,1.32934,1.3294000000000001,22
GBPUSD,1605722820,1.32939,1.3295,1.32932,1.3294000000000001,22
GBPUSD,1605722880,1.3294000000000001,1.32954,1.32939,1.32952,22
GBPUSD,1605722940,1.32952,1.32974,1.32949,1.32961,23
GBPUSD,1605723000,1.3296000000000001,1.3296299999999999,1.32947,1.32951,22
GBPUSD,1605723060,1.3295,1.3296299999999999,1.32948,1.3296299999999999,22
GBPUSD,1605723120,1.3296299999999999,1.32964,1.32951,1.32955,23
GBPUSD,1605723180,1.32955,1.32955,1.32941,1.32951,22
GBPUSD,1605723240,1.32952,1.32955,1.32941,1.32941,22
GBPUSD,1605723300,1.32941,1.32989,1.3293300000000001,1.32939,22
GBPUSD,1605723360,1.32939,1.32949,1.3293,1.32931,22
GBPUSD,1605723420,1.32931,1.32937,1.3291,1.32912,22
GBPUSD,1605723480,1.32913,1.3293599999999999,1.32913,1.32932,23
GBPUSD,1605723540,1.32931,1.32931,1.32901,1.32901,22
GBPUSD,1605723600,1.32901,1.32904,1.32871,1.32881,22
GBPUSD,1605723660,1.32878,1.3288,1.3282,1.3283,22
GBPUSD,1605723720,1.3283,1.3286,1.32824,1.32843,22
GBPUSD,1605723780,1.32843,1.32853,1.32828,1.3283,22
GBPUSD,1605723840,1.3283,1.32854,1.32817,1.3284799999999999,22
GBPUSD,1605723900,1.3284799999999999,1.32861,1.32831,1.3285,23
GBPUSD,1605723960,1.3285,1.32857,1.3284500000000001,1.32855,22
GBPUSD,1605724020,1.32855,1.32857,1.3284,1.3284,22
GBPUSD,1605724080,1.3284,1.3287200000000001,1.3284,1.32868,22
GBPUSD,1605724140,1.32865,1.3287,1.3285,1.32869,22
GBPUSD,1605724200,1.32869,1.3287200000000001,1.3283,1.3284500000000001,22
GBPUSD,1605724260,1.3284500000000001,1.3284500000000001,1.3281100000000001,1.32821,22
GBPUSD,1605724320,1.32821,1.32822,1.32812,1.3282,23
GBPUSD,1605724380,1.3282,1.32836,1.32819,1.32821,23
GBPUSD,1605724440,1.32821,1.32829,1.3281,1.3281399999999999,22
GBPUSD,1605724500,1.3281399999999999,1.32842,1.3281,1.3284,23
GBPUSD,1605724560,1.3284,1.32843,1.32831,1.32842,22
GBPUSD,1605724620,1.32842,1.3284799999999999,1.32832,1.3284799999999999,22
GBPUSD,1605724680,1.32847,1.3284799999999999,1.32833,1.32839,22
GBPUSD,1605724740,1.32839,1.32846,1.32832,1.32842,22
GBPUSD,1605724800,1.32842,1.32853,1.3284,1.32852,23
GBPUSD,1605724860,1.32852,1.32861,1.32847,1.32861,23
GBPUSD,1605724920,1.32861,1.32864,1.3285,1.32851,23
GBPUSD,1605724980,1.32851,1.32864,1.32851,1.32854,22
GBPUSD,1605725040,1.32859,1.32863,1.3285,1.32863,22
GBPUSD,1605725100,1.32862,1.32865,1.3284099999999999,1.3284500000000001,22
GBPUSD,1605725160,1.3284500000000001,1.32851,1.32843,1.32849,22
GBPUSD,1605725220,1.3284799999999999,1.3285,1.32835,1.32842,23
GBPUSD,1605725280,1.32842,1.32842,1.32832,1.3284099999999999,22
GBPUSD,1605725340,1.3284099999999999,1.32842,1.32831,1.3283800000000001,22
GBPUSD,1605725400,1.3283800000000001,1.32853,1.3283800000000001,1.32846,22
GBPUSD,1605725460,1.3284500000000001,1.32852,1.32828,1.3285,22
GBPUSD,1605725520,1.3285,1.3287,1.32849,1.32865,23
GBPUSD,1605725580,1.32865,1.3287900000000001,1.32849,1.3285,22
GBPUSD,1605725640,1.3285,1.32855,1.32844,1.32851,23
GBPUSD,1605725700,1.32851,1.32855,1.3284099999999999,1.32842,23
GBPUSD,1605725760,1.32842,1.32864,1.32842,1.32855,22
GBPUSD,1605725820,1.32855,1.3287,1.3284,1.32864,22
GBPUSD,1605725880,1.32864,1.3287499999999999,1.32859,1.32861,22
GBPUSD,1605725940,1.32861,1.3288,1.32859,1.32878,22
GBPUSD,1605726000,1.32876,1.32891,1.3287,1.32876,22
GBPUSD,1605726060,1.32877,1.32884,1.32851,1.32851,23
GBPUSD,1605726120,1.32851,1.32868,1.32851,1.32865,22
GBPUSD,1605726180,1.32865,1.3288,1.32861,1.32871,22
GBPUSD,1605726240,1.3287200000000001,1.32882,1.32869,1.32882,22
GBPUSD,1605726300,1.32883,1.32888,1.32871,1.32874,22
GBPUSD,1605726360,1.32874,1.32881,1.32866,1.3288,23
GBPUSD,1605726420,1.3288,1.32882,1.32874,1.32881,22
GBPUSD,1605726480,1.32881,1.32881,1.32821,1.32831,22
GBPUSD,1605726540,1.32831,1.32831,1.3280699999999999,1.32822,22
GBPUSD,1605726600,1.32822,1.3283,1.32819,1.32821,24
GBPUSD,1605726660,1.32821,1.32822,1.32801,1.3281,22
GBPUSD,1605726720,1.3281100000000001,1.32843,1.3281,1.32832,22
GBPUSD,1605726780,1.32832,1.32832,1.3281100000000001,1.32813,24
GBPUSD,1605726840,1.32812,1.3283,1.3281,1.32829,22
GBPUSD,1605726900,1.32829,1.32839,1.32822,1.3283800000000001,23
GBPUSD,1605726960,1.32835,1.32835,1.3281100000000001,1.32816,23
GBPUSD,1605727020,1.32816,1.32834,1.32815,1.3283,24
GBPUSD,1605727080,1.3283,1.3284799999999999,1.32803,1.32832,22
GBPUSD,1605727140,1.32831,1.32834,1.32821,1.32833,22
GBPUSD,1605727200,1.32833,1.3284099999999999,1.32829,1.32836,22
GBPUSD,1605727260,1.32837,1.3284799999999999,1.32832,1.32843,22
GBPUSD,1605727320,1.32843,1.32843,1.3284099999999999,1.32842,26
GBPUSD,1605727380,1.32842,1.32846,1.3284099999999999,1.32844,23
GBPUSD,1605727440,1.32844,1.32852,1.3284099999999999,1.3284500000000001,22
GBPUSD,1605727500,1.3284500000000001,1.3285,1.32835,1.32836,22
GBPUSD,1605727560,1.32836,1.3285,1.32831,1.3284500000000001,22
GBPUSD,1605727620,1.3284500000000001,1.32852,1.32844,1.32846,22
GBPUSD,1605727680,1.32847,1.32855,1.32842,1.32842,23
GBPUSD,1605727740,1.3284099999999999,1.3284099999999999,1.32819,1.32822,22
GBPUSD,1605727800,1.32822,1.32844,1.32812,1.32843,22
GBPUSD,1605727860,1.32843,1.3285,1.3283800000000001,1.32844,22
GBPUSD,1605727920,1.32844,1.32846,1.32831,1.32831,23
GBPUSD,1605727980,1.32831,1.32832,1.32821,1.32822,24
GBPUSD,1605728040,1.32822,1.32832,1.32822,1.32831,25
GBPUSD,1605728100,1.32831,1.32839,1.32831,1.32834,22
GBPUSD,1605728160,1.32834,1.32852,1.32832,1.32843,22
GBPUSD,1605728220,1.32843,1.32864,1.32842,1.32864,22
GBPUSD,1605728280,1.32864,1.32865,1.32862,1.32864,24
GBPUSD,1605728340,1.32864,1.32869,1.32858,1.32863,25
GBPUSD,1605728400,1.32863,1.32864,1.32846,1.32853,22
GBPUSD,1605728460,1.32853,1.32862,1.32853,1.32862,22
GBPUSD,1605728520,1.32862,1.32864,1.32861,1.32862,24
GBPUSD,1605728580,1.32862,1.32865,1.32862,1.32865,22
GBPUSD,1605728640,1.32865,1.32888,1.32862,1.32885,22
GBPUSD,1605728700,1.32888,1.3289,1.32874,1.32876,22
GBPUSD,1605728760,1.3287499999999999,1.3287499999999999,1.32858,1.32859,22
GBPUSD,1605728820,1.32858,1.32865,1.32858,1.32861,24
GBPUSD,1605728880,1.32861,1.32861,1.32852,1.32853,23
GBPUSD,1605728940,1.32853,1.32863,1.3284500000000001,1.32858,22
GBPUSD,1605729000,1.32859,1.32861,1.32853,1.32859,23
GBPUSD,1605729060,1.32859,1.32884,1.32854,1.32884,22
GBPUSD,1605729120,1.32884,1.32884,1.32882,1.32882,25
GBPUSD,1605729180,1.32882,1.32884,1.32882,1.32884,24
GBPUSD,1605729240,1.32884,1.32884,1.3286,1.32863,22
GBPUSD,1605729300,1.32862,1.32871,1.32856,1.32858,24
GBPUSD,1605729360,1.32858,1.3286,1.32844,1.32853,22
GBPUSD,1605729420,1.32854,1.3286,1.3285,1.32854,23
GBPUSD,1605729480,1.32854,1.32855,1.3284500000000001,1.32847,23
GBPUSD,1605729540,1.32846,1.32852,1.32835,1.3284099999999999,22
GBPUSD,1605729600,1.3284099999999999,1.32842,1.32827,1.32837,22
GBPUSD,1605729660,1.3283800000000001,1.32842,1.32826,1.32839,22
GBPUSD,1605729720,1.32837,1.32837,1.3281100000000001,1.32822,22
GBPUSD,1605729780,1.32824,1.32854,1.32822,1.32852,22
GBPUSD,1605729840,1.32854,1.32871,1.32853,1.32862,23
GBPUSD,1605729900,1.32862,1.32862,1.32851,1.32853,23
GBPUSD,1605729960,1.32854,1.32857,1.3284099999999999,1.32847,23
GBPUSD,1605730020,1.32847,1.32861,1.32847,1.32855,22
GBPUSD,1605730080,1.32854,1.32857,1.32828,1.32832,22
GBPUSD,1605730140,1.32832,1.3284,1.32827,1.32832,22
GBPUSD,1605730200,1.32832,1.32834,1.3282,1.3282,22
GBPUSD,1605730260,1.3282,1.3282,1.3280699999999999,1.3281100000000001,22
GBPUSD,1605730320,1.3281100000000001,1.32816,1.3280699999999999,1.32808,22
GBPUSD,1605730380,1.32809,1.3281399999999999,1.328,1.32802,22
GBPUSD,1605730440,1.32802,1.32802,1.32791,1.32791,22
GBPUSD,1605730500,1.32791,1.3281,1.3278699999999999,1.32802,22
GBPUSD,1605730560,1.32803,1.32813,1.32802,1.32812,24
GBPUSD,1605730620,1.32812,1.32812,1.32803,1.32812,23
GBPUSD,1605730680,1.32812,1.32821,1.32812,1.32821,22
GBPUSD,1605730740,1.32821,1.32821,1.3281,1.3281100000000001,23
GBPUSD,1605730800,1.3281100000000001,1.3281800000000001,1.32795,1.32796,22
GBPUSD,1605730860,1.32796,1.32801,1.32791,1.32793,24
GBPUSD,1605730920,1.32792,1.328,1.32791,1.32791,23
GBPUSD,1605730980,1.32791,1.32802,1.32791,1.32792,24
GBPUSD,1605731040,1.32792,1.32801,1.3278400000000001,1.32794,23
GBPUSD,1605731100,1.32794,1.32804,1.3278400000000001,1.32788,22
GBPUSD,1605731160,1.32788,1.32803,1.32788,1.32796,22
GBPUSD,1605731220,1.32795,1.32797,1.32793,1.32794,24
GBPUSD,1605731280,1.32795,1.328,1.3278400000000001,1.3278400000000001,22
GBPUSD,1605731340,1.32783,1.32783,1.32765,1.32771,22
GBPUSD,1605731400,1.32771,1.32782,1.32768,1.32772,22
GBPUSD,1605731460,1.32772,1.3278699999999999,1.32764,1.3277700000000001,23
GBPUSD,1605731520,1.3277700000000001,1.32788,1.32774,1.32781,23
GBPUSD,1605731580,1.32782,1.32786,1.32772,1.3278400000000001,23
GBPUSD,1605731640,1.3278400000000001,1.32789,1.32778,1.32778,23
GBPUSD,1605731700,1.3277700000000001,1.32788,1.32774,1.32775,23
GBPUSD,1605731760,1.32776,1.32781,1.32772,1.32774,22
GBPUSD,1605731820,1.32774,1.32776,1.3275299999999999,1.32755,22
GBPUSD,1605731880,1.32754,1.32763,1.32738,1.32742,22
GBPUSD,1605731940,1.32742,1.32754,1.32742,1.32751,22
GBPUSD,1605732000,1.32751,1.3276,1.32745,1.32759,22
GBPUSD,1605732060,1.32759,1.32766,1.32758,1.32764,23
GBPUSD,1605732120,1.32765,1.3278400000000001,1.32763,1.32782,22
GBPUSD,1605732180,1.32783,1.32786,1.32782,1.32783,24
GBPUSD,1605732240,1.32783,1.32804,1.32783,1.32799,22
GBPUSD,1605732300,1.32799,1.32809,1.32795,1.32804,22
GBPUSD,1605732360,1.32803,1.3281800000000001,1.32803,1.3281399999999999,24
GBPUSD,1605732420,1.3281399999999999,1.32815,1.32802,1.32802,24
GBPUSD,1605732480,1.32802,1.32803,1.32783,1.32783,23
GBPUSD,1605732540,1.3278400000000001,1.32796,1.32778,1.32793,23
GBPUSD,1605732600,1.32793,1.32803,1.32793,1.328,22
GBPUSD,1605732660,1.328,1.32803,1.32789,1.32798,22
GBPUSD,1605732720,1.32798,1.32803,1.32792,1.32795,22
GBPUSD,1605732780,1.32797,1.32797,1.32791,1.32792,23
GBPUSD,1605732840,1.32794,1.32801,1.32792,1.328,22
GBPUSD,1605732900,1.328,1.32801,1.32792,1.32792,24
GBPUSD,1605732960,1.32792,1.32804,1.32792,1.32804,22
GBPUSD,1605733020,1.32804,1.32809,1.32797,1.32805,22
GBPUSD,1605733080,1.32804,1.32815,1.32804,1.32805,22
GBPUSD,1605733140,1.32805,1.3281100000000001,1.32805,1.3280699999999999,22
GBPUSD,1605733200,1.3280699999999999,1.3280699999999999,1.32782,1.32793,22
GBPUSD,1605733260,1.32793,1.32796,1.32793,1.32793,24
GBPUSD,1605733320,1.32793,1.32793,1.32772,1.32773,22
GBPUSD,1605733380,1.32773,1.32773,1.32752,1.32756,22
GBPUSD,1605733440,1.32757,1.32774,1.32754,1.32771,22
GBPUSD,1605733500,1.32771,1.3278400000000001,1.32764,1.32782,22
GBPUSD,1605733560,1.32782,1.32782,1.32772,1.3277999999999999,23
GBPUSD,1605733620,1.32779,1.32789,1.32779,1.32785,22
GBPUSD,1605733680,1.32785,1.32792,1.32785,1.32791,25
GBPUSD,1605733740,1.32791,1.32799,1.32791,1.32791,22
GBPUSD,1605733800,1.32791,1.32795,1.32791,1.32793,23
GBPUSD,1605733860,1.32794,1.32823,1.32793,1.32813,22
GBPUSD,1605733920,1.32813,1.32822,1.32808,1.3281,23
GBPUSD,1605733980,1.3281,1.3281100000000001,1.32802,1.32805,23
GBPUSD,1605734040,1.32805,1.32809,1.32802,1.32802,24
GBPUSD,1605734100,1.32802,1.3281,1.32793,1.32805,22
GBPUSD,1605734160,1.32805,1.32812,1.32798,1.32803,22
GBPUSD,1605734220,1.32804,1.3281,1.32796,1.32799,23
GBPUSD,1605734280,1.32799,1.3281,1.3278699999999999,1.32797,22
GBPUSD,1605734340,1.32798,1.32805,1.32788,1.32791,22
GBPUSD,1605734400,1.3279,1.32795,1.3279,1.32792,24
GBPUSD,1605734460,1.32792,1.32795,1.32792,1.32793,24
GBPUSD,1605734520,1.32792,1.32797,1.32788,1.32795,22
GBPUSD,1605734580,1.32795,1.32798,1.32792,1.32794,22
GBPUSD,1605734640,1.32793,1.32797,1.32791,1.32791,22
GBPUSD,1605734700,1.32791,1.32791,1.32773,1.32786,22
GBPUSD,1605734760,1.3278400000000001,1.32786,1.32782,1.32782,25
GBPUSD,1605734820,1.32782,1.32785,1.32782,1.32783,25
GBPUSD,1605734880,1.3278400000000001,1.32785,1.32783,1.32783,25
GBPUSD,1605734940,1.3278400000000001,1.32794,1.32782,1.3278400000000001,23
GBPUSD,1605735000,1.3278400000000001,1.32791,1.32779,1.32786,24
GBPUSD,1605735060,1.32786,1.32786,1.32773,1.32774,23
GBPUSD,1605735120,1.32774,1.3277999999999999,1.32763,1.32763,22
GBPUSD,1605735180,1.32763,1.32773,1.32763,1.32769,23
GBPUSD,1605735240,1.32769,1.3278400000000001,1.32769,1.3278400000000001,23
GBPUSD,1605735300,1.3278400000000001,1.32785,1.32771,1.32773,23
GBPUSD,1605735360,1.32772,1.32772,1.32752,1.32752,23
GBPUSD,1605735420,1.3275299999999999,1.32754,1.32741,1.32747,23
GBPUSD,1605735480,1.3274599999999999,1.32757,1.32743,1.32754,23
GBPUSD,1605735540,1.32754,1.3276,1.32752,1.3275299999999999,22
GBPUSD,1605735600,1.3275299999999999,1.32762,1.32743,1.32743,24
GBPUSD,1605735660,1.32742,1.32755,1.32722,1.32728,23
GBPUSD,1605735720,1.32728,1.32733,1.32722,1.32722,22
GBPUSD,1605735780,1.32722,1.32728,1.32711,1.32711,22
GBPUSD,1605735840,1.32711,1.32721,1.32709,1.32713,23
GBPUSD,1605735900,1.32712,1.32718,1.32711,1.32717,24
GBPUSD,1605735960,1.32717,1.32722,1.32702,1.3271899999999999,23
GBPUSD,1605736020,1.3271899999999999,1.32722,1.32711,1.32712,24
GBPUSD,1605736080,1.32712,1.32713,1.32693,1.32703,22
GBPUSD,1605736140,1.32703,1.32703,1.32686,1.32702,23
GBPUSD,1605736200,1.32702,1.32713,1.32673,1.32679,22
GBPUSD,1605736260,1.32679,1.32683,1.32666,1.32683,23
GBPUSD,1605736320,1.32682,1.32682,1.32646,1.32652,22
GBPUSD,1605736380,1.32652,1.32675,1.32652,1.32661,23
GBPUSD,1605736440,1.32661,1.32669,1.32644,1.32644,24
GBPUSD,1605736500,1.32644,1.32656,1.32642,1.32653,23
GBPUSD,1605736560,1.3265799999999999,1.3266499999999999,1.3265,1.3265799999999999,22
GBPUSD,1605736620,1.32657,1.32678,1.32657,1.32675,22
GBPUSD,1605736680,1.32677,1.32688,1.32672,1.3268499999999999,22
GBPUSD,1605736740,1.3268499999999999,1.327,1.32673,1.32673,22
GBPUSD,1605736800,1.32673,1.3271899999999999,1.32671,1.32712,22
GBPUSD,1605736860,1.32713,1.3272599999999999,1.327,1.32712,23
GBPUSD,1605736920,1.32712,1.32712,1.3268,1.32682,24
GBPUSD,1605736980,1.32682,1.32682,1.32667,1.32667,23
GBPUSD,1605737040,1.32667,1.32676,1.32666,1.32671,24
GBPUSD,1605737100,1.32671,1.32671,1.32646,1.32648,24
GBPUSD,1605737160,1.3265,1.3265799999999999,1.3265,1.32653,25
GBPUSD,1605737220,1.32653,1.3266,1.3265,1.32659,27
GBPUSD,1605737280,1.32659,1.3266200000000001,1.3265500000000001,1.3265799999999999,27
GBPUSD,1605737340,1.3265799999999999,1.3265799999999999,1.3265500000000001,1.32656,27
GBPUSD,1605737400,1.32657,1.3266,1.32653,1.3265500000000001,27
GBPUSD,1605737460,1.3265500000000001,1.32656,1.32648,1.3265,26
GBPUSD,1605737520,1.32648,1.3265,1.32648,1.32649,26
GBPUSD,1605737580,1.32649,1.32649,1.32647,1.32647,25
GBPUSD,1605737640,1.32649,1.32649,1.32637,1.32643,24
GBPUSD,1605737700,1.32644,1.32656,1.32643,1.3265500000000001,22
GBPUSD,1605737760,1.3265500000000001,1.32656,1.3265,1.32653,26
GBPUSD,1605737820,1.32653,1.32653,1.32645,1.32645,23
GBPUSD,1605737880,1.32646,1.32649,1.32646,1.32648,26
GBPUSD,1605737940,1.32647,1.32648,1.32643,1.32646,25
GBPUSD,1605738000,1.32646,1.32646,1.3264,1.32641,24
GBPUSD,1605738060,1.32641,1.32643,1.32641,1.32643,27
GBPUSD,1605738120,1.32643,1.32711,1.32642,1.32687,22
GBPUSD,1605738180,1.32687,1.3269199999999999,1.32686,1.3268900000000001,27
GBPUSD,1605738240,1.3268900000000001,1.3269,1.3268900000000001,1.3268900000000001,24
GBPUSD,1605738300,1.3268900000000001,1.3268900000000001,1.3268499999999999,1.3268499999999999,23
GBPUSD,1605738360,1.32687,1.3268900000000001,1.32683,1.32688,22
GBPUSD,1605738420,1.32688,1.32688,1.32678,1.32681,24
GBPUSD,1605738480,1.32681,1.32687,1.32679,1.32682,22
GBPUSD,1605738540,1.32681,1.32694,1.32676,1.32683,22
GBPUSD,1605738600,1.32683,1.32684,1.32673,1.32674,25
GBPUSD,1605738660,1.32674,1.32674,1.3266200000000001,1.3266200000000001,25
GBPUSD,1605738720,1.32663,1.32667,1.3266,1.32663,25
GBPUSD,1605738780,1.32663,1.3266499999999999,1.3265500000000001,1.32656,22
GBPUSD,1605738840,1.3265500000000001,1.32656,1.32652,1.32652,26
GBPUSD,1605738900,1.32653,1.32657,1.32645,1.32657,25
GBPUSD,1605738960,1.32657,1.32657,1.32653,1.32653,25
GBPUSD,1605739020,1.32653,1.32653,1.32651,1.32652,27
GBPUSD,1605739080,1.32652,1.32657,1.32652,1.32654,24
GBPUSD,1605739140,1.3265500000000001,1.32667,1.32653,1.32664,25
GBPUSD,1605739200,1.32666,1.32674,1.32664,1.32672,25
GBPUSD,1605739260,1.32672,1.32674,1.3266499999999999,1.32669,26
GBPUSD,1605739320,1.32667,1.32672,1.3266499999999999,1.32672,24
GBPUSD,1605739380,1.32671,1.32673,1.3267,1.32671,28
GBPUSD,1605739440,1.32672,1.32676,1.3267,1.32675,25
GBPUSD,1605739500,1.32676,1.3268,1.32673,1.32675,23
GBPUSD,1605739560,1.32674,1.32674,1.3266,1.32667,25
GBPUSD,1605739620,1.32666,1.32675,1.3266499999999999,1.32675,25
GBPUSD,1605739680,1.32675,1.32675,1.32674,1.32675,26
GBPUSD,1605739740,1.32675,1.32695,1.32675,1.32694,22
GBPUSD,1605739800,1.32693,1.32695,1.32684,1.3268499999999999,24
GBPUSD,1605739860,1.32686,1.3269,1.32684,1.32688,28
GBPUSD,1605739920,1.32688,1.32693,1.32687,1.3269199999999999,27
GBPUSD,1605739980,1.32693,1.32696,1.3269199999999999,1.32693,26
GBPUSD,1605740040,1.32694,1.32694,1.3269,1.32691,25
GBPUSD,1605740460,1.32638,1.32646,1.32612,1.32638,56
GBPUSD,1605740520,1.32638,1.32638,1.32638,1.32638,214
GBPUSD,1605740580,1.32638,1.32638,1.32638,1.32638,171
GBPUSD,1605740640,1.32638,1.32654,1.32638,1.32654,178
GBPUSD,1605740700,1.32654,1.32654,1.32638,1.32638,178
GBPUSD,1605740760,1.32638,1.32638,1.32638,1.32638,179
GBPUSD,1605740820,1.32638,1.32638,1.32638,1.32638,173
GBPUSD,1605740880,1.32638,1.32638,1.32638,1.32638,169
GBPUSD,1605740940,1.32638,1.32684,1.32638,1.32684,123
GBPUSD,1605741000,1.3269199999999999,1.32698,1.32638,1.32694,94
GBPUSD,1605741060,1.32694,1.32694,1.32676,1.32677,106
GBPUSD,1605741120,1.32678,1.32678,1.32638,1.32638,106
GBPUSD,1605741180,1.32638,1.32638,1.32638,1.32638,133
GBPUSD,1605741240,1.32638,1.3266,1.32638,1.32649,87
GBPUSD,1605741300,1.32649,1.32677,1.32638,1.32666,65
GBPUSD,1605741360,1.32666,1.3267,1.32648,1.32659,71
GBPUSD,1605741420,1.32661,1.32672,1.32659,1.32659,66
GBPUSD,1605741480,1.3266200000000001,1.32675,1.3266200000000001,1.3266499999999999,79
GBPUSD,1605741540,1.3267,1.32676,1.3267,1.32676,79
GBPUSD,1605741600,1.32678,1.32678,1.32645,1.3265,57
GBPUSD,1605741660,1.32651,1.32653,1.32645,1.32645,70
GBPUSD,1605741720,1.32645,1.3265,1.32645,1.32646,75
GBPUSD,1605741780,1.32645,1.32648,1.32645,1.32648,74
GBPUSD,1605741840,1.32645,1.32648,1.32645,1.32645,75
GBPUSD,1605741900,1.32645,1.3265,1.32645,1.32645,82
GBPUSD,1605741960,1.32645,1.32648,1.32645,1.32647,84
GBPUSD,1605742020,1.32645,1.32645,1.32645,1.32645,87
GBPUSD,1605742080,1.32645,1.32648,1.32645,1.32648,81
GBPUSD,1605742140,1.3265,1.3265,1.32645,1.32645,78
GBPUSD,1605742200,1.32645,1.32664,1.32639,1.3265,50
GBPUSD,1605742260,1.32649,1.32651,1.32649,1.32651,50
GBPUSD,1605742320,1.3265,1.32652,1.3265,1.32652,50
GBPUSD,1605742380,1.32649,1.32653,1.32643,1.32651,43
GBPUSD,1605742440,1.32647,1.3265,1.32647,1.3265,50
GBPUSD,1605742500,1.32649,1.32663,1.32647,1.32661,50
GBPUSD,1605742560,1.32663,1.32666,1.32663,1.32666,50
GBPUSD,1605742620,1.32663,1.3266499999999999,1.32663,1.3266499999999999,50
GBPUSD,1605742680,1.32666,1.32691,1.32666,1.32678,25
GBPUSD,1605742740,1.32677,1.32679,1.32667,1.32672,38
GBPUSD,1605742800,1.32672,1.3269,1.32659,1.32672,24
GBPUSD,1605742860,1.32672,1.32684,1.32666,1.32674,23
GBPUSD,1605742920,1.32668,1.32677,1.32668,1.32676,33
GBPUSD,1605742980,1.32676,1.32681,1.32671,1.32677,50
GBPUSD,1605743040,1.32674,1.32674,1.32667,1.32672,54
GBPUSD,1605743100,1.32672,1.32679,1.32671,1.32672,49
GBPUSD,1605743160,1.3267,1.32672,1.32666,1.32671,56
GBPUSD,1605743220,1.32671,1.32681,1.32671,1.32675,47
GBPUSD,1605743280,1.32675,1.3268,1.3265500000000001,1.32673,49
GBPUSD,1605743340,1.32671,1.32679,1.3267,1.32676,49
GBPUSD,1605743400,1.32676,1.32686,1.32671,1.32672,42
GBPUSD,1605743460,1.3267,1.32681,1.32668,1.32671,47
GBPUSD,1605743520,1.32671,1.32672,1.32647,1.32647,53
GBPUSD,1605743580,1.32646,1.3265500000000001,1.32646,1.32653,68
GBPUSD,1605743640,1.32653,1.32679,1.32651,1.32651,47
GBPUSD,1605743700,1.32649,1.32652,1.32649,1.32652,64
GBPUSD,1605743760,1.32652,1.32653,1.32643,1.32644,64
GBPUSD,1605743820,1.32645,1.32645,1.32643,1.32644,74
GBPUSD,1605743880,1.32645,1.32646,1.32643,1.32646,74
GBPUSD,1605743940,1.32646,1.32646,1.32644,1.32645,73
GBPUSD,1605744000,1.32644,1.3267,1.32644,1.32669,36
